氏家遥,うじいえはるか
中岡さやか,なかおかさやか
寺田雅之,てらだまさゆき
平田由樹,ひらたゆき
菅沼染五郎,すがぬまそめごろう
田中早紀,たなかさき
大熊さとみ,おおくまさとみ
上原誠治,うえはらせいじ
湯浅莉緒,ゆあさりお
益田莉沙,ますだりさ
玉木まひる,たまきまひる
塩沢陽子,しおざわようこ
岩下メイサ,いわしためいさ
米田真一,よねだしんいち
渡部雅彦,わたべまさひこ
堀越莉緒,ほりこしりお
柳原知世,やなぎはらちせ
塩沢法子,しおざわのりこ
小松竜次,こまつりゅうじ
佐々木雅之,ささきまさゆき
田辺栄一,たなべえいいち
石黒美嘉,いしぐろみか
山下幸平,やましたこうへい
長浜小雁,ながはまこがん
勝田まさみ,かつだまさみ
寺沢ケンイチ,てらさわけんいち
塩谷明宏,しおたにあきひろ
須田知世,すだちせ
本村扶樹,ほんむらもとき
中井敏也,なかいとしや
中塚はるみ,なかづかはるみ
神谷剛基,かみやよしき
奥メイサ,おくめいさ
成海陽子,なるみようこ
西田寿々花,にしだすずか
柴山美佐,しばやまみさ
古谷窈,ふるたによう
六角みあ,ろっかくみあ
榊原了,さかきばらりょう
緒形瞳,おがたひとみ
宮城恵麻,みやぎえま
永瀬さやか,ながせさやか
芦田努,あしだつとむ
結城耕司,ゆうきこうじ
飛田晴臣,ひだはるおみ
桜田栄一,さくらだえいいち
吉岡めぐみ,よしおかめぐみ
近藤ひとり,こんどうひとり
曽根花緑,そねかろく
児島雅彦,こじままさひこ
熊井拓郎,くまいたくろう
牧耕司,まきこうじ
中岡勇,なかおかゆう
稲垣紗季,いながきさき
永瀬翔,ながせしょう
明石家慎之介,あかしやしんのすけ
立花陽介,たちばなようすけ
佐川菜々美,さがわななみ
井出慎之介,いでしんのすけ
寺島たまき,てらしまたまき
杉田京子,すぎたきょうこ
曽根有海,そねあみ
美木薫,みきかおる
結城なつみ,ゆうきなつみ
伊藤知世,いとうちせ
奥山めぐみ,おくやまめぐみ
桜井耕司,さくらいこうじ
水口洋介,みずぐちようすけ
堀北路子,ほりきたみちこ
藤原仁晶,ふじわらひろあき
唐沢莉央,からさわりお
西脇寛治,にしわきかんじ
玉城美嘉,たまきみか
中沢杏,なかざわあん
大塚聖陽,おおつかまさあき
古川由宇,ふるかわゆう
赤坂六郎,あかさかろくろう
今泉隆,いまいずみたかし
浜野真一,はまのしんいち
水川慶太,みずかわけいた
富永大五郎,とみながだいごろう
篠山杏,しのやまあん
宮川京子,みやかわきょうこ
長谷川みき,はせがわみき
中里豊,なかざとゆたか
橋口徹,はしぐちとおる
明石家信吾,あかしやしんご
本田かおり,ほんだかおり
坂上菜摘,さかがみなつみ
江崎瞬,えざきしゅん
竹田ひとり,たけだひとり
多田未來,ただみらい
奥山孝太郎,おくやまこうたろう
河本郁恵,こうもといくえ
石丸扶樹,いしまるもとき
大木七世,おおきななせ
武田真悠子,たけだまゆこ
瀬戸建,せとけん
重松寛治,しげまつかんじ
大谷豊,おおたにゆたか
影山正義,かげやままさよし
峰未來,みねみらい
山中鉄二,やまなかてつじ
町田美佐,まちだみさ
楠優,くすのきゆう
水口りえ,みずぐちりえ
関薫,せきかおる
染谷恵梨香,そめやえりか
ともさか咲,ともさかさき
長島あさみ,ながしまあさみ
宮沢涼子,みやざわりょうこ
高沢恵梨香,たかさわえりか
田中染五郎,たなかそめごろう
富田晋也,とみたしんや
森山ひとり,もりやまひとり
上条隆博,かみじょうたかひろ
角田俊二,かどたしゅんじ
原口莉央,はらぐちりお
塚本なつみ,つかもとなつみ
伊藤惇,いとうあつし
村中奈央,むらなかなお
阿部未華子,あべみかこ
森谷貴嶺,もりやたかね
岩瀬エリカ,いわせえりか
川端真一,かわばたしんいち
栗林翔,くりばやししょう
塩見裕司,しおみゆうじ
小寺寛,こでらひろし
成瀬まさし,なるせまさし
香椎樹里,かしいじゅり
藤森翔,ふじもりしょう
藤森一,ふじもりはじめ
鹿島あや子,かしまあやこ
葛山聡,かつらやまさとし
若杉陽子,わかすぎようこ
北川隆之介,きたがわりゅうのすけ
竹中淳子,たけなかあつこ
福永幸平,ふくながこうへい
楠本染五郎,くすもとそめごろう
川村洋,かわむらよう
成瀬薫,なるせかおる
松本大,まつもとまさる
山根雅彦,やまねまさひこ
高谷早織,たかやさおり
柴田涼,しばたりょう
松浦まなみ,まつうらまなみ
志田慶太,しだけいた
福沢瑠璃亜,ふくざわるりあ
越智美咲,おちみさき
米谷明慶,よねやあきよし
北沢瑠璃亜,きたざわるりあ
木田南朋,きだなお
宮内栄一,みやうちえいいち
深田季衣,ふかだとしえ
上条一,かみじょうはじめ
木村咲,きむらさき
青山雄太,あおやまゆうた
富田仁,とみたじん
大友真悠子,おおともまゆこ
若山幸子,わかやまさちこ
坂上恵美,さかがみめぐみ
阿井沙知絵,あいさちえ
藤村太朗,ふじむらたろう
篠崎雅彦,しのざきまさひこ
上原真帆,うえはらまほ
佐藤恵子,さとうけいこ
薬師丸菊生,やくしまるきくお
星野博明,ほしのひろあき
若松友香,わかまつともか
松岡愛梨,まつおかあいり
倉持龍吉,くらもちりゅうきち
瀬戸真希,せとまき
中村惇,なかむらあつし
藤崎しぼり,ふじさきしぼり
末永寛,すえながひろし
西秋米蔵,にしあきよねぞう
花岡瞳,はなおかひとみ
有馬真悠子,ありままゆこ
鳥居ヒロ,とりいひろ
奥田きみまろ,おくだきみまろ
石橋寿明,いしばしとしあき
楠本仁,くすもとじん
坂野ジョージ,いたのじょーじ
葛山茂樹,かつらやましげき
川畑公顕,かわはたきみあき
小林友以乃,こばやしゆいの
渡辺さとみ,わたなべさとみ
磯村樹里,いそむらじゅり
佐川仁晶,さがわひろあき
城田ひとり,しろたひとり
山野寛,やまのひろし
笹川碧海,ささがわおうが
岡野ちえみ,おかのちえみ
山西里穂,やまにしりほ
遠山季衣,とおやまとしえ
佐々木崇史,ささきたかし
内山隼士,うちやましゅんじ
長瀬ヒロ,ながせひろ
蛍原圭,ほとはらけい
寺井里穂,てらいりほ
高橋なつみ,たかはしなつみ
安藤徹,あんどうとおる
岡野丈史,おかのたけし
久米明宏,くめあきひろ
八十田恵梨香,やそだえりか
中野翔,なかのしょう
堀口ひろ子,ほりぐちひろこ
広田美菜,ひろたみな
藤あい,ふじあい
守屋美菜,もりやみな
坂上遥,さかがみはるか
山岸まさし,やまぎしまさし
宮城美佐,みやぎみさ
工藤貴嶺,くどうたかね
塩沢亮,しおざわりょう
大熊あや子,おおくまあやこ
平松たまき,ひらまつたまき
勝又玲那,かつまたれな
金山桃子,かなやまももこ
須藤豊,すどうゆたか
須藤奈々,すどうなな
西田真帆,にしだまほ
堤明宏,つつみあきひろ
海老原貴美子,えびはらきみこ
小日向一徳,こひなたいっとく
滝隆之介,たきりゅうのすけ
高井鉄洋,たかいてつひろ
塩田明慶,しおたあきよし
児島優一,こじまゆういち
森山明,もりやまあきら
三沢莉緒,みさわりお
水野隆之介,みずのりゅうのすけ
林田たまき,はやしだたまき
田淵まひる,たぶちまひる
小池希,こいけのぞみ
結城優,ゆうきゆう
鈴木友以乃,すずきゆいの
沢田勤,さわだつとむ
小松禄郎,こまつろくろう
木村隆博,きむらたかひろ
根本祐基,ねもとゆうき
邑野倫子,むらののりこ
土谷陽子,つちやようこ
野島樹里,のじまじゅり
紺野千佳子,こんのちかこ
長浜ひろ子,ながはまひろこ
三島正義,みしままさよし
目黒優,めぐろゆう
半田克実,はんだかつみ
豊田慢太郎,とよたまんたろう
菅沼サンタマリア,すがぬまさんたまりあ
沢井砂羽,さわいさわ
柴咲克実,しばさきかつみ
辻本優,つじもとゆう
中尾文世,なかおふみよ
野口恭子,のぐちきょうこ
高沢仁,たかさわじん
辻勇一,つじゆういち
村田仁,むらたじん
浅川竜也,あさかわたつや
浦田憲史,うらたのりひと
柴山莉央,しばやまりお
岡部翔,おかべしょう
正木麗奈,まさきれな
岡山さやか,おかやまさやか
松田克実,まつだかつみ
浅利美里,あさりみり
渋谷陽介,しぶやようすけ
田代夏希,たしろなつき
津川人志,つがわひとし
佐竹明宏,さたけあきひろ
今野由樹,いまのゆき
高橋大,たかはしまさる
飯田裕司,いいだゆうじ
風間陽子,かざまようこ
榊原怜奈,さかきばられいな
水崎優,みさきゆう
小川一樹,おがわかずき
楠一恵,くすのきかづえ
三田寿々花,みたすずか
落合莉沙,おちあいりさ
吉永輝信,よしながあきのぶ
石本妃里,いしもとゆり
大津隆之介,おおつりゅうのすけ
倉田雅之,くらたまさゆき
新垣恭子,にいがききょうこ
木原しぼり,きはらしぼり
堀越洋介,ほりこしようすけ
池田景子,いけだけいこ
伊集院路子,いじゅういんみちこ
上野ひろみ,うえのひろみ
山崎雅彦,やまざきまさひこ
大久保崇史,おおくぼたかし
大路菜々美,おおじななみ
岩佐だん吉,いわさだんきち
滝愛梨,たきあいり
吉田将也,よしだまさや
永瀬淳子,ながせあつこ
渡部栄一,わたべえいいち
細田優,ほそだゆう
神谷慶太,かみやけいた
村木めぐみ,むらきめぐみ
田所一哉,たどころかずや
石野めぐみ,いしのめぐみ
松本美帆,まつもとみほ
内田栄一,うちだえいいち
成海奈々,なるみなな
大和雅之,やまとまさゆき
曽我結衣,そがゆい
小宮法嗣,こみやほうし
三島晋也,みしましんや
大原美智子,おおはらみちこ
金城亜希,かなしろあき
相原亮,あいはらりょう
三輪悟志,みわさとし
村山一樹,むらやまかずき
岡田涼子,おかだりょうこ
緒形丈雄,おがたたけお
桜田誠治,さくらだせいじ
小平翔,こひらしょう
浅沼菜摘,あさぬまなつみ
上田博明,うえだひろあき
篠山照生,しのやまてるお
中川あや子,なかがわあやこ
広瀬徹,ひろせとおる
黒崎メイサ,くろさきめいさ
西尾菊生,にしおきくお
黒木美里,くろきみり
志村充則,しむらみつのり
森田さやか,もりたさやか
斎藤研二,さいとうけんじ
佐伯憲一,さえきけんいち
伊東祐基,いとうゆうき
広瀬竜也,ひろせたつや
千葉はるみ,ちばはるみ
真鍋徹,まなべとおる
大谷希,おおたにのぞみ
大路彩華,おおじあやか
寺沢真一,てらさわしんいち
平育二,たいらいくじ
杉下薫,すぎしたかおる
安部桃子,あべももこ
小松亜希,こまつあき
川崎あおい,かわさきあおい
清水恵梨香,しみずえりか
沼田ジローラモ,ぬまたじろーらも
浜口俊二,はまぐちしゅんじ
深沢結衣,ふかざわゆい
村木恵美,むらきめぐみ
三井愛梨,みついあいり
宮本夏空,みやもとそら
宇佐美恵子,うさみけいこ
三輪礼子,みわれいこ
横尾華子,よこおはなこ
吉沢雅之,よしざわまさゆき
井上亮,いのうえりょう
須藤美佐子,すどうみさこ
藤本遥,ふじもとはるか
曽根功補,そねこうすけ
山崎妃里,やまざきゆり
三井三郎,みついさぶろう
佐古洋介,さこようすけ
中原那奈,なかはらなな
伊藤めぐみ,いとうめぐみ
川上育子,かわかみいくこ
境洋介,さかいようすけ
高尾美智子,たかおみちこ
阪口美智子,さかぐちみちこ
岩崎真奈美,いわさきまなみ
寺島正義,てらしままさよし
出口薫,でぐちかおる
貫地谷みき,かんじやみき
池内幸子,いけうちさちこ
仲村はるみ,なかむらはるみ
須藤由宇,すどうゆう
松尾小百合,まつおさゆり
金児文世,かねこふみよ
森真一,もりしんいち
市田優,いちだゆう
明石家晃司,あかしやこうじ
中西美和子,なかにしみわこ
岩城はるか,いわきはるか
原鉄二,はらてつじ
永井たまき,ながいたまき
平岡花,ひらおかはな
青木真悠子,あおきまゆこ
杉本真帆,すぎもとまほ
窪塚満,くぼづかみつる
合田しぼり,あいだしぼり
黒沢サンタマリア,くろさわさんたまりあ
奥貫勇,おくぬきゆう
草村雅功,くさむらまさとし
土居佑,どいたすく
合田瞳,あいだひとみ
はしの桃子,はしのももこ
柳川和香,やながわわか
石橋草太,いしばしそうた
雨宮そら,あまみやそら
星進,ほしすすむ
神戸勇太,こうべゆうた
首藤完爾,すどうかんじ
松本竜次,まつもとりゅうじ
長田彩,ながたあや
八田幸平,やつだこうへい
熊井広司,くまいこうじ
八田まひる,やつだまひる
川田愛,かわたあい
小松蒼甫,こまつそうすけ
西川奈月,にしかわなつき
古沢璃奈子,ふるさわりなこ
石井文世,いしいふみよ
梅村愛梨,うめむらあいり
佐藤美佐,さとうみさ
貫地谷崇史,かんじやたかし
堀北サンタマリア,ほりきたさんたまりあ
今泉由宇,いまいずみゆう
大坪有起哉,おおつぼゆきや
川西晴臣,かわにしはるおみ
古山ひかり,ふるやまひかり
五味咲,ごみさき
高木豊,たかぎゆたか
石野小雁,いしのこがん
原礼子,はられいこ
吉野翔子,よしのしょうこ
井上隆之介,いのうえりゅうのすけ
今井さとみ,いまいさとみ
関谷光,せきやひかる
牧瀬遥,まきせはるか
矢沢そら,やざわそら
落合隆之介,おちあいりゅうのすけ
本間優,ほんまゆう
阪本しほり,さかもとしほり
福山真吾,ふくやましんご
古田璃子,ふるたりこ
石山千佳子,いしやまちかこ
豊原ひろ子,とよはらひろこ
田端奈月,たばたなつき
堀ひろみ,ほりひろみ
塩谷マサカズ,しおやまさかず
宮下メイサ,みやしためいさ
門田そら,かどたそら
小町薫,こまちかおる
立石翔太,たちいししょうた
町田美月,まちだみづき
村中千夏,むらなかちなつ
ト字ヒロ,とじひろ
菊田えみ,きくたえみ
篠田建,しのだけん
鳥居優,とりいゆう
岡山優,おかやまゆう
伊東大,いとうまさる
野呂さやか,のろさやか
北島宏行,きたじまひろゆき
長友寿明,ながともとしあき
吉川貴嶺,よしかわたかね
亀山美嘉,かめやまみか
石川右京,いしかわうきょう
三宅なぎさ,みやけなぎさ
市川崇史,いちかわたかし
河村竜也,かわむらたつや
中岡栄一,なかおかえいいち
矢島達士,やじまたつひと
荒木新太,あらきあらた
佐竹莉沙,さたけりさ
前野朝香,まえのあさか
西村竜也,にしむらたつや
大畑一輝,おおはたかずき
堀コウ,ほりこう
片桐美佳,かたぎりみか
豊田恵美,とよためぐみ
村井勇太,むらいゆうた
阿部丈雄,あべたけお
岩村さやか,いわむらさやか
園田みき,そのだみき
今泉ケンイチ,いまいずみけんいち
深井愛菜,ふかいあいな
渡辺信吾,わたなべしんご
宇野小百合,うのさゆり
吉永陽子,よしながようこ
藤田しほり,ふじたしほり
村瀬幸子,むらせさちこ
長浜一,ながはまはじめ
小宮夏空,こみやそら
長沢しほり,ながさわしほり
西沢遥,にしざわはるか
福井早織,ふくいさおり
水崎あおい,みさきあおい
仲村龍吉,なかむらりゅうきち
根岸良介,ねぎしりょうすけ
梅原そら,うめはらそら
徳永扶樹,とくながもとき
根本鉄洋,ねもとてつひろ
山下扶樹,やましたもとき
深谷瞬,ふかやしゅん
滝丈雄,たきたけお
狩野花,かのはな
神田克実,かんだかつみ
大森淳,おおもりあつし
大浦愛子,おおうらあいこ
出口沙知絵,でぐちさちえ
新垣由宇,にいがきゆう
加藤美幸,かとうみゆき
寺岡晋也,てらおかしんや
岩城宏,いわきひろし
満島麗奈,みつしまれな
矢部ケンイチ,やべけんいち
吉永美佐,よしながみさ
有賀恵梨香,ありがえりか
土居美智子,どいみちこ
安永サンタマリア,やすながさんたまりあ
美木美帆,みきみほ
中尾恵望子,なかおえみこ
岡崎直人,おかざきなおと
松原寛治,まつばらかんじ
福原由宇,ふくはらゆう
岩佐亮,いわさりょう
天野恵望子,あまのえみこ
中谷勇,なかたにゆう
山内瞬,やまのうちしゅん
新田友香,あらたともか
小野寺ヒロ,おのでらひろ
黒川奈月,くろかわなつき
森川克実,もりかわかつみ
市原華子,いちはらはなこ
浅田利夫,あさだとしお
川辺剛基,かわべよしき
大高誠治,おおだかせいじ
生田はるか,なまたはるか
深沢愛子,ふかざわあいこ
黒岩達士,くろいわたつひと
竹内寿明,たけうちとしあき
高倉染五郎,たかくらそめごろう
新村菊生,にいむらきくお
小椋育二,おぐらいくじ
玉山メイサ,たまやまめいさ
宮地恵美,みやじめぐみ
渡辺仁,わたなべじん
竹田知史,たけだともふみ
寺本信輔,てらもとしんすけ
井田まなみ,いだまなみ
相馬さやか,あいばさやか
岩沢晋也,いわさわしんや
川辺ケンイチ,かわべけんいち
日比野莉緒,ひびのりお
西原翔太,にしはらしょうた
小日向桃子,こひなたももこ
上田さゆり,うえださゆり
長島英嗣,ながしまひでつぐ
清田サンタマリア,きよたさんたまりあ
高柳智花,たかやなぎともか
新垣たかお,あらがきたかお
大谷ひとみ,おおたにひとみ
牧野怜奈,まきのれいな
杉山守,すぎやままもる
劇団隆博,げきだんたかひろ
真田里穂,さなだりほ
青山惇,あおやまじゅん
村上倫子,むらかみのりこ
秦さやか,はたさやか
藤山美幸,ふじやまみゆき
若杉直人,わかすぎなおと
北豊,きたゆたか
浅倉里穂,あさくらりほ
高沢薫,たかさわかおる
太田さとみ,おおたさとみ
中原恵子,なかはらけいこ
本田美和子,ほんだみわこ
滝口早紀,たきぐちさき
江口賢治,えぐちけんじ
上山未來,かみやまみらい
後藤恵望子,ごとうえみこ
遠山晴臣,とおやまはるおみ
矢部亮,やべりょう
片桐真奈美,かたぎりまなみ
及川守,おいかわまもる
石沢美幸,いしざわみゆき
三好満,みよしみつる
黒木浩介,くろきこうすけ
坂上徹平,さかがみてっぺい
深沢えみ,ふかざわえみ
安達知世,あだちちせ
高畑晃司,たかはたこうじ
児島めぐみ,こじまめぐみ
石塚寿々花,いしづかすずか
鎌田弘也,かまたひろなり
田所さゆり,たどころさゆり
白鳥あさみ,しらとりあさみ
古賀春樹,こがはるき
小松ひろ子,こまつひろこ
山内美幸,やまのうちみゆき
奈良勇,ならゆう
田所丈雄,たどころたけお
岩間育子,いわまいくこ
大和満,やまとみつる
吉田みあ,よしだみあ
米倉綾,よねくらあや
花田洋介,はなだようすけ
田淵秀隆,たぶちひでたか
梅沢賢治,うめざわけんじ
榊原里奈,さかきばらりな
笠井メイサ,かさいめいさ
堤莉沙,つつみりさ
谷杏,たにあん
はしのなつみ,はしのなつみ
葛西友香,かさいともか
寺井礼子,てらいれいこ
保坂花,ほさかはな
河原六郎,かわはらろくろう
水口麻緒,みずぐちまお
鶴田大五郎,つるただいごろう
鹿手袋明,しかてぶくろあきら
石田莉緒,いしだりお
木村雄太,きむらゆうた
依田美嘉,よりたみか
広瀬あい,ひろせあい
若松ひとみ,わかまつひとみ
横山俊二,よこやましゅんじ
宮沢丈史,みやざわたけし
小原さとみ,おはらさとみ
横川宏,よこかわひろし
末吉竜也,すえきちたつや
井村愛菜,いむらあいな
富田豊,とみたゆたか
田沢窈,たざわよう
竹原俊介,たけはらしゅんすけ
石川大樹,いしかわひろき
庄司秀樹,しょうじひでき
宮地恵望子,みやじえみこ
三井蒼甫,みついそうすけ
堀江真悠子,ほりえまゆこ
深谷貴美子,ふかやきみこ
志水和之,しみずかずゆき
萩原ヒロ,はぎわらひろ
岩谷優,いわたにゆう
志田兼,しだけん
高嶋一徳,たかしまいっとく
村上基祐,むらかみきすけ
伊藤美月,いとうみづき
平塚窈,ひらつかよう
及川達士,おいかわたつひと
瀬戸優,せとゆう
新垣あい,にいがきあい
入江憲一,いりえけんいち
山村薫,やまむらかおる
梶原ヒロ,かじわらひろ
村松はるみ,むらまつはるみ
志村照生,しむらてるお
竹中瞳,たけなかひとみ
坂井恵麻,さかいえま
宮川真奈美,みやかわまなみ
清田慢太郎,きよたまんたろう
広田美嘉,ひろたみか
津田友也,つだともや
平良遥,ひららはるか
吉野明,よしのあきら
奥村建,おくむらけん
岩沢有海,いわさわあみ
大原文世,おおはらふみよ
庄司利夫,しょうじとしお
田所明,たどころあきら
豊原徹,とよはらとおる
高井みき,たかいみき
前原花,まえはらはな
三宅麗奈,みやけれな
上原愛梨,うえはらあいり
内藤美希,ないとうみき
志田沙耶,しださや
西沢真一,にしざわしんいち
小西宏行,こにしひろゆき
今西人志,いまにしひとし
木下誠一,きのしたせいいち
真田薫,さなだかおる
合田長利,あいだながとし
島田恵子,しまだけいこ
熊谷瞳,くまがやひとみ
西村奈央,にしむらなお
長田拓郎,ながたたくろう
宮坂三省,みやさかさんせい
役所直人,やくしょなおと
藤村充則,ふじむらみつのり
柳充則,やなぎみつのり
柴田璃子,しばたりこ
小椋一代,おぐらかずよ
古谷亮,ふるたにりょう
小玉ひかり,こだまひかり
小日向敏也,こひなたとしや
伊藤景子,いとうけいこ
宮下真希,みやしたまき
勝地有海,かつぢあみ
宮内愛梨,みやうちあいり
峰花緑,みねかろく
大場華子,おおばはなこ
村岡光洋,むらおかみつひろ
片瀬涼,かたせりょう
川中結子,かわなかゆうこ
志田拓郎,しだたくろう
天野美里,あまのみり
紺野由宇,こんのゆう
五十嵐良介,いがらしりょうすけ
船橋涼,ふなばしりょう
角亮,すみりょう
小原隆,おはらたかし
余健,よけん
永野憲一,ながのけんいち
寺田完爾,てらだかんじ
和田優,わだゆう
西井三郎,にしいさぶろう
三浦さとみ,みうらさとみ
余郁恵,よいくえ
窪塚まみ,くぼづかまみ
宮城光良,みやぎてるよし
高島未來,たかしまみらい
吉田フミヤ,よしだふみや
片瀬育子,かたせいくこ
土橋丈史,つちはしたけし
満島草太,みつしまそうた
武内窈,たけうちよう
寺本早織,てらもとさおり
米山祐基,よねやまゆうき
米田妃里,よねだゆり
川上一恵,かわかみかづえ
藤本和之,ふじもとかずゆき
平茜,たいらあかね
角谷れいな,かどたにれいな
有田右京,ありたうきょう
板垣ひろ子,いたがきひろこ
大竹詩織,おおたけしおり
浅川ジローラモ,あさかわじろーらも
中原聡,なかはらさとし
寺島聡,てらじまさとし
ともさか右京,ともさかうきょう
宇野徹,うのとおる
内村正敏,うちむらまさとし
堀越怜奈,ほりこしれいな
今村竜也,いまむらたつや
原口優,はらぐちゆう
今田晋也,いまだしんや
池本進,いけもとすすむ
彼方彩華,かなたあやか
桜井雅之,さくらいまさゆき
早川ケンイチ,はやかわけんいち
正木智花,まさきともか
原瞳,はらひとみ
神保憲一,じんぼけんいち
山上賢治,やまがみけんじ
吹越真一,ふきこししんいち
有村光臣,ありむらみつおみ
塚原宏行,つかはらひろゆき
星真希,ほしまき
依田サンタマリア,よりたさんたまりあ
石丸翔太,いしまるしょうた
有田彩,ありたあや
古屋正義,ふるやまさよし
照井由美子,てるいゆみこ
藤原光良,ふじわらてるよし
河原京子,かわはらきょうこ
牧瞬,まきしゅん
村瀬サダヲ,むらせさだお
横田優,よこたゆう
中川あい,なかがわあい
神崎瑠璃亜,かんざきるりあ
藤田充則,ふじたみつのり
小出雅彦,こいでまさひこ
松沢浩介,まつざわこうすけ
山西美紀,やまにしみき
坂田恵梨香,さかたえりか
小泉遥,こいずみはるか
本橋ひろみ,もとはしひろみ
矢口美佐,やぐちみさ
野崎鉄二,のざきてつじ
長浜建,ながはまけん
中西きみまろ,なかにしきみまろ
合田洋介,あいだようすけ
岡本杏,おかもとあん
真田将也,さなだまさや
松本豊,まつもとゆたか
高井結衣,たかいゆい
坂上景子,さかがみけいこ
川畑翔,かわはたしょう
及川康文,おいかわやすふみ
楠そら,くすのきそら
米谷新太,よねやあらた
白鳥ひろみ,しらとりひろみ
村岡奈月,むらおかなつき
大谷茜,おおたにあかね
田中草太,たなかそうた
久米雅之,くめまさゆき
佐藤悟志,さとうさとし
谷川あさみ,たにかわあさみ
今田璃奈子,いまだりなこ
今西璃奈子,いまにしりなこ
伊崎愛,いさきあい
志賀幸平,しがこうへい
岡島マサカズ,おかじままさかず
高岡恵梨香,たかおかえりか
山根莉央,やまねりお
松岡りえ,まつおかりえ
松下奈央,まつしたなお
西秋愛梨,にしあきあいり
浜口春樹,はまぐちはるき
米倉染五郎,よねくらそめごろう
浦野玲那,うらのれな
ともさかヒカル,ともさかひかる
瀬戸内きみまろ,せとうちきみまろ
中川遥,なかがわはるか
高倉ヒロ,たかくらひろ
上山知世,かみやまちせ
菅澤美菜,すがさわみな
小野研二,おのけんじ
高井聡,たかいさとし
真矢雄太,まやゆうた
小関美帆,こぜきみほ
八十田マサカズ,やそだまさかず
竹原ヒカル,たけはらひかる
門脇はじめ,かどわきはじめ
前野希,まえののぞみ
国分英嗣,こくぶんひでつぐ
伊藤まなみ,いとうまなみ
吉永かおり,よしながかおり
岩田恵子,いわたけいこ
釈健,しゃくけん
海老原ひろみ,えびはらひろみ
尾形美佳,おがたみか
津川めぐみ,つがわめぐみ
三宅光博,みやけみつひろ
吉村隆之介,よしむらりゅうのすけ
秦裕次郎,はたゆうじろう
峰完爾,みねかんじ
荒井亮,あらいりょう
大平真悠子,おおひらまゆこ
松原瞳,まつばらひとみ
村山れいな,むらやまれいな
森山将也,もりやままさや
福原栄一,ふくはらえいいち
大畑優,おおはたゆう
小畑法嗣,おばたほうし
吉沢祐一,よしざわゆういち
とよた竜也,とよたたつや
前島雅之,まえじままさゆき
塩谷美帆,しおやみほ
大熊美幸,おおくまみゆき
大木璃子,おおきりこ
小田たかお,おだたかお
入江知世,いりえちせ
福田太朗,ふくだたろう
勝地美紀,かつぢみき
小沢健,おざわけん
浜本綾女,はまもとあやめ
窪塚崇史,くぼづかたかし
久野路子,ひさのみちこ
木原隆太,きはらりゅうた
松元恵梨香,まつもとえりか
林田隆太,はやしだりゅうた
三島右京,みしまうきょう
高倉サンタマリア,たかくらさんたまりあ
高松拓郎,たかまつたくろう
丹野恵子,たんのけいこ
黒谷彩華,くろたにあやか
河原隆之介,かわはらりゅうのすけ
菅谷聡,すがやさとし
細谷夏希,ほそやなつき
塚田美希,つかだみき
役所奈々,やくしょなな
毛利健,もうりけん
白木正義,しらきまさよし
木本三郎,きもとさぶろう
野口彩華,のぐちあやか
坂本真一,さかもとしんいち
浜あい,はまあい
大和田翔,おおわだしょう
森脇遥,もりわきはるか
竹村将也,たけむらまさや
藤村美智子,ふじむらみちこ
末永美幸,すえながみゆき
長澤はるみ,ながさわはるみ
浜田祐一,はまだゆういち
及川雅之,おいかわまさゆき
前野みあ,まえのみあ
金城恵望子,かなしろえみこ
石川礼子,いしかわれいこ
上田詩織,うえだしおり
森田竜也,もりたたつや
澤田美希,さわだみき
川西サンタマリア,かわにしさんたまりあ
藤山将也,ふじやままさや
半田真帆,はんだまほ
はしのヒロ,はしのひろ
上原三省,うえはらさんせい
工藤涼子,くどうりょうこ
山形彩,やまがたあや
三浦晃司,みうらこうじ
奥貫宏,おくぬきひろし
菅原裕司,すがわらゆうじ
金山晴臣,かなやまはるおみ
柴田たまき,しばたたまき
有馬理紗,ありまりさ
森下高史,もりしたたかし
古屋樹里,ふるやじゅり
辻建,つじけん
中島玲那,なかしまれな
島袋俊二,しまぶくろしゅんじ
松崎育子,まつざきいくこ
山岸美幸,やまぎしみゆき
堀充則,ほりみつのり
大竹優,おおたけゆう
水谷愛梨,みずたにあいり
堀敏和,ほりとしかず
水嶋誠一,みずしませいいち
横田麻由子,よこたまゆこ
井沢沙耶,いざわさや
山西龍吉,やまにしりゅうきち
安達えみ,あだちえみ
細井美佐子,ほそいみさこ
鬼頭雅之,きとうまさゆき
関根美里,せきねみり
牧田瞬,まきたしゅん
小出精児,こいでせいじ
永島莉緒,ながしまりお
西野マサカズ,にしのまさかず
菅野明宏,すがのあきひろ
山元美紀,やまもとみき
森井亮,もりいりょう
宮迫莉緒,みやさこりお
大西拓郎,おおにしたくろう
井上慎之介,いのうえしんのすけ
相馬あさみ,あいばあさみ
久保田サダヲ,くぼたさだお
三村まひる,みむらまひる
諏訪俊二,すわしゅんじ
佐古耕司,さここうじ
萩原功補,はぎわらこうすけ
杉浦翔子,すぎうらしょうこ
玉城真悠子,たまきまゆこ
山形茜,やまがたあかね
向井春樹,むらいはるき
成田莉緒,なりたりお
庄司美幸,しょうじみゆき
平尾進,ひらおすすむ
藤田薫,ふじたかおる
杉浦みあ,すぎうらみあ
高野啓介,たかのけいすけ
西村恵麻,にしむらえま
村上明,むらかみあきら
日下淳子,ひのしたあつこ
小川俊介,おがわしゅんすけ
中瞬,なかしゅん
大坪勇太,おおつぼゆうた
玉山麻由子,たまやままゆこ
平岡菊生,ひらおかきくお
小川莉央,おがわりお
奥聡,おくさとし
はしの砂羽,はしのさわ
大場法嗣,おおばほうし
本上亮,ほんじょうりょう
平賀淳子,ひらがあつこ
合田愛,あいだあい
藤島有海,ふじしまあみ
高原未來,たかはらみらい
藤本菊生,ふじもときくお
川添良介,かわぞえりょうすけ
三浦達士,みうらたつひと
おかやま竜也,おかやまたつや
若槻友也,わかつきともや
及川亮介,おいかわりょうすけ
西井みゆき,にしいみゆき
高井瞬,たかいしゅん
真田早織,さなださおり
奥野亮,おくのりょう
関正義,せきまさよし
園田杏,そのだあん
桑原耕司,くわばらこうじ
奥田淳,おくだあつし
仲村徹,なかむらとおる
寺島佳乃,てらじまよしの
井原まみ,いはらまみ
羽田彩,はたあや
下田優,しもだゆう
小田路子,おだみちこ
山上桃子,やまがみももこ
大崎郁恵,おおさきいくえ
中井優,なかいゆう
福田了,ふくだりょう
鶴岡美優,つるおかみゅう
平松小雁,ひらまつこがん
植村憲史,うえむらのりひと
茂木聡,もぎさとし
宮里慶二,みやざとけいじ
木田さやか,きださやか
宮坂ひとり,みやさかひとり
少路ヒロ,しょうじひろ
菊田陽介,きくたようすけ
花岡麻緒,はなおかまお
松谷一哉,まつたにかずや
北島杏,きたじまあん
亀山圭,かめやまけい
藤井美里,ふじいみり
河野和之,こうのかずゆき
杉下満,すぎしたみつる
浅見瑠璃亜,あさみるりあ
東莉緒,ひがしりお
伊沢朝陽,いざわあさひ
妹尾真吾,せおしんご
細谷涼,ほそやりょう
佐川六郎,さがわろくろう
益田礼子,ますだれいこ
八木康文,やぎやすふみ
竹中寛,たけなかひろし
船橋菊生,ふなばしきくお
平光,たいらひかる
島明宏,しまあきひろ
天野花,あまのはな
有村礼子,ありむられいこ
笹原菜々美,ささはらななみ
安斎照生,あんざいてるお
田口真悠子,たぐちまゆこ
唐沢文世,からさわふみよ
和田夏空,わだそら
高見晴臣,たかみはるおみ
工藤莉沙,くどうりさ
宮野亮,みやのりょう
早美直人,はやみなおと
千田窈,せんだよう
川端沙知絵,かわばたさちえ
浅見育二,あさみいくじ
金沢恵子,かねざわけいこ
内村光臣,うちむらみつおみ
安藤龍吉,あんどうりゅうきち
笠原慎之介,かさはらしんのすけ
奥知世,おくちせ
藤原由宇,ふじわらゆう
本間寛治,ほんまかんじ
三宅ひとみ,みやけひとみ
樋口龍吉,ひぐちりゅうきち
細山勇太,ほそやまゆうた
影山サンタマリア,かげやまさんたまりあ
鬼頭耕司,きとうこうじ
天野染五郎,あまのそめごろう
青木知世,あおきちせ
谷村真希,たにむらまき
武田璃子,たけだりこ
山村みゆき,やまむらみゆき
宮内愛子,みやうちあいこ
岡寛治,おかかんじ
奥村美佐,おくむらみさ
ト字由宇,とじゆう
江原理紗,えはらりさ
西井優,にしいゆう
宮地慎之介,みやじしんのすけ
村上憲一,むらかみけんいち
岩沢なつみ,いわさわなつみ
矢部華子,やべはなこ
紺野しぼり,こんのしぼり
高沢康文,たかさわやすふみ
横尾みゆき,よこおみゆき
仲村郁恵,なかむらいくえ
山本亮,やまもとりょう
大高建,おおだかけん
西浦拓郎,にしうらたくろう
長谷川寿々花,はせがわすずか
長谷川惇,はせがわあつし
細野朝陽,ほそのあさひ
市村朝香,いちむらあさか
峰隼士,みねしゅんじ
井川利夫,いがわとしお
平田竜也,ひらたたつや
平田明日,ひらためいび
三沢雅之,みさわまさゆき
中野華子,なかのはなこ
パンツェッタ竜也,ぱんつぇったたつや
大高雅彦,おおだかまさひこ
藤野了,ふじのりょう
塩沢剛基,しおざわよしき
門脇ヒロ,かどわきひろ
森下はるか,もりしたはるか
車朝香,くるまあさか
早坂光,はやさかひかる
海音寺精児,かいおんじせいじ
笠原亜希,かさはらあき
藤原丈雄,ふじわらたけお
中谷礼子,なかたにれいこ
小沼友以乃,こぬまゆいの
島村陽子,しまむらようこ
木田ヒカル,きだひかる
野沢兼,のざわけん
甲斐だん吉,かいだんきち
石垣慶二,いしがきけいじ
西浦康文,にしうらやすふみ
尾形一哉,おがたかずや
板垣祐基,いたがきゆうき
五十嵐桃子,いがらしももこ
児島淳,こじまあつし
村井サンタマリア,むらいさんたまりあ
大畑美佳,おおはたみか
小田ちえみ,おだちえみ
高村那奈,たかむらなな
大河内耕司,おおこうちこうじ
青木正義,あおきまさよし
西口恵子,にしぐちけいこ
黒谷正敏,くろたにまさとし
豊島エリカ,とよしまえりか
市川光博,いちかわみつひろ
板倉一恵,いたくらかづえ
富田未來,とみたみらい
岩佐慶太,いわさけいた
大江優,おおえゆう
浦野浩太郎,うらのこうたろう
松井広之,まついひろゆき
田中菜摘,たなかなつみ
青柳ひとり,あおやぎひとり
志水さやか,しみずさやか
相原ジローラモ,あいはらじろーらも
高沢育子,たかさわいくこ
梶原美智子,かじわらみちこ
原田右京,はらだうきょう
木内沙知絵,きうちさちえ
安倍直人,あべなおと
福岡サンタマリア,ふくおかさんたまりあ
落合翔子,おちあいしょうこ
近藤一輝,こんどうかずき
中園直人,なかぞのなおと
阿久津由宇,あくつゆう
広川知史,ひろかわともふみ
秋田ヒロ,あきたひろ
荒川真一,あらかわしんいち
玉田淳子,たまだあつこ
柴崎勝久,しばざきかつひさ
落合まさし,おちあいまさし
乾右京,いぬいうきょう
山下優,やましたゆう
橘輝信,たちばなあきのぶ
桜井哲平,さくらいてっぺい
松木玲那,まつきれな
山中和久,やまなかかずひさ
秋山寿明,あきやまとしあき
井田優,いだゆう
柏原なつみ,かしわらなつみ
平田勇太,ひらたゆうた
福原光臣,ふくはらみつおみ
板垣広司,いたがきこうじ
高岡獅童,たかおかしどう
石山淳,いしやまあつし
石黒孝太郎,いしぐろこうたろう
宇多田浩太郎,うただこうたろう
松本景子,まつもとけいこ
岸エリカ,きしえりか
富田礼子,とみたれいこ
加納倫子,かのうのりこ
永井たかお,ながいたかお
中村鉄二,なかむらてつじ
松沢芳正,まつざわよしまさ
中村彩,なかむらあや
上原佳乃,うえはらよしの
井田彩華,いだあやか
星和久,ほしかずひさ
小沢寛治,おざわかんじ
尾上功補,おがみこうすけ
玉木剛基,たまきよしき
三谷亮介,みたにりょうすけ
大竹たかお,おおたけたかお
浅野徹,あさのとおる
神戸あさみ,こうべあさみ
滝田憲史,たきたのりひと
紺野龍吉,こんのりゅうきち
野原璃子,のはらりこ
江崎怜奈,えざきれいな
竹本育二,たけもといくじ
岡崎ジョージ,おかざきじょーじ
余美幸,よみゆき
市村ケンイチ,いちむらけんいち
根岸あさみ,ねぎしあさみ
北ひかり,きたひかり
山内竜次,やまのうちりゅうじ
岩谷浩介,いわたにこうすけ
重田博之,しげたひろゆき
今泉有起哉,いまいずみゆきや
富永友也,とみながともや
中里草太,なかざとそうた
稲葉美優,いなばみゅう
金子寛,かねこひろし
三谷美紀,みたにみき
川上みあ,かわかみみあ
小野寺夏希,おのでらなつき
湯浅広之,ゆあさひろゆき
松浦礼子,まつうられいこ
首藤洋介,すどうようすけ
横川なつみ,よこかわなつみ
川上裕司,かわかみゆうじ
岩下禄郎,いわしたろくろう
桜井さやか,さくらいさやか
妹尾公顕,せおきみあき
佐伯晋也,さえきしんや
三宅勇一,みやけゆういち
綾小路薫,あやのこうじかおる
花田染五郎,はなだそめごろう
林一,はやしはじめ
大貫洋介,おおぬきようすけ
河野耕司,かわのこうじ
矢沢杏,やざわあん
小山遥,おやまはるか
平沢めぐみ,ひらさわめぐみ
中村博之,なかむらひろゆき
志賀菜々美,しがななみ
落合景子,おちあいけいこ
桜井一代,さくらいかずよ
堀内れいな,ほりうちれいな
益田ひろ子,ますだひろこ
菅谷浩太郎,すがやこうたろう
小口直人,おぐちなおと
倉持啓介,くらもちけいすけ
美輪将也,みわまさや
田端勝久,たばたかつひさ
南部優,なんぶゆう
神崎那奈,かんざきなな
内田勝久,うちだかつひさ
生田薫,なまたかおる
藤井雄太,ふじいゆうた
清水龍吉,しみずりゅうきち
山野龍吉,やまのりゅうきち
岡本遥,おかもとはるか
柳川和久,やながわかずひさ
野本結衣,のもとゆい
武誠一,たけせいいち
福士美里,ふくしみり
三村慢太郎,みむらまんたろう
中岡康文,なかおかやすふみ
大内夏空,おおうちそら
五十嵐信吾,いがらししんご
倉本優,くらもとゆう
高嶋愛梨,たかしまあいり
前川夏空,まえかわそら
桜井はじめ,さくらいはじめ
ともさか龍吉,ともさかりゅうきち
宮下あや子,みやしたあやこ
佐久間遥,さくまはるか
北沢輝信,きたざわあきのぶ
江口寿明,えぐちとしあき
小泉かおり,こいずみかおり
尾形竜也,おがたたつや
川原はじめ,かわはらはじめ
中島広之,なかじまひろゆき
三輪佑,みわたすく
平川鉄二,ひらかわてつじ
森井サダヲ,もりいさだお
福田知世,ふくだちせ
野本雅彦,のもとまさひこ
大野広之,おおのひろゆき
久野マサカズ,ひさのまさかず
塩見さやか,しおみさやか
田川美和子,たがわみわこ
菅莉央,すがりお
田中太朗,たなかたろう
千田達士,せんだたつひと
服部メイサ,はっとりめいさ
細川優,ほそかわゆう
重田薫,しげたかおる
根本誠治,ねもとせいじ
堀川光,ほりかわひかる
山村景子,やまむらけいこ
ともさか麗奈,ともさかれな
橋口景子,はしぐちけいこ
葛西薫,かさいかおる
瀬戸美佳,せとみか
川島恵望子,かわしまえみこ
梅本芳正,うめもとよしまさ
阪口徹,さかぐちとおる
中山さとみ,なかやまさとみ
原夏空,はらそら
今西京子,いまにしきょうこ
西川恭子,にしかわきょうこ
竹村隼士,たけむらしゅんじ
玉井景子,たまいけいこ
平仁,たいらじん
前田砂羽,まえださわ
田所めぐみ,たどころめぐみ
滝口あい,たきぐちあい
吉永春樹,よしながはるき
小野田恵梨香,おのだえりか
美木優,みきゆう
木村雅彦,きむらまさひこ
曽我恵子,そがけいこ
内村れいな,うちむられいな
並木倫子,なみきのりこ
市原ヒカル,いちはらひかる
横田美希,よこたみき
千葉彩,ちばあや
正木薫,まさきかおる
真鍋一代,まなべかずよ
及川聡,おいかわさとし
笠原さとみ,かさはらさとみ
村上綾女,むらかみあやめ
吉崎怜奈,よしざきれいな
手塚なぎさ,てづかなぎさ
小野田利夫,おのだとしお
松澤隆太,まつざわりゅうた
亀山明宏,かめやまあきひろ
服部はるか,はっとりはるか
高井三省,たかいさんせい
柴咲隼士,しばさきしゅんじ
泉真悠子,いずみまゆこ
西井直人,にしいなおと
相原ひろみ,あいはらひろみ
黒岩惇,くろいわあつし
水川右京,みずかわうきょう
坪井隼士,つぼいしゅんじ
平尾功補,ひらおこうすけ
境優,さかいゆう
谷村育二,たにむらいくじ
国分公顕,こくぶんきみあき
峰花,みねはな
松岡明慶,まつおかあきよし
山内達士,やまうちたつひと
角谷勝久,かどたにかつひさ
井上慶太,いのうえけいた
高原淳子,たかはらあつこ
浅野昴,あさのすばる
畠中利夫,はたなかとしお
阪本淳,さかもとあつし
熊井直人,くまいなおと
久保田サンタマリア,くぼたさんたまりあ
柳隼士,やなぎしゅんじ
内田法子,うちだのりこ
片山さんま,かたやまさんま
北野恵子,きたのけいこ
浦野ひとみ,うらのひとみ
松山薫,まつやまかおる
高梨友以乃,たかなしゆいの
大塚徹,おおつかとおる
伊丹仁晶,いたみひろあき
宮内正義,みやうちまさよし
寺島瞬,てらしましゅん
荻原なつみ,はぎわらなつみ
河内由宇,かわうちゆう
羽田竜也,はたたつや
横井れいな,よこいれいな
沢明,さわあきら
加瀬恵梨香,かせえりか
江崎昴,えざきすばる
長谷川涼,はせがわりょう
森永恵子,もりながけいこ
福永真奈美,ふくながまなみ
徳重徹,とくしげとおる
大城憲史,おおしろのりひと
寺田ヒロ,てらだひろ
大内明宏,おおうちあきひろ
真矢友香,まやともか
長野花,ながのはな
石野浩太郎,いしのこうたろう
麻生真一,あそうしんいち
池田秀隆,いけだひでたか
徳重あおい,とくしげあおい
堀越満,ほりこしみつる
堀越丈史,ほりこしたけし
大久保雅彦,おおくぼまさひこ
松下完爾,まつしたかんじ
片山茂樹,かたやましげき
片桐徹,かたぎりとおる
秦幸子,はたさちこ
北村努,きたむらつとむ
本村草太,ほんむらそうた
今愛梨,いまあいり
寺田丈史,てらだたけし
菅澤玲那,すがさわれな
加藤まひる,かとうまひる
竹田信輔,たけだしんすけ
小松禄郎,こまつろくろう
安永那奈,やすながなな
岡崎みあ,おかざきみあ
平和之,たいらかずゆき
水野はるか,みずのはるか
出口明慶,でぐちあきよし
金城秀樹,かなしろひでき
広田博之,ひろたひろゆき
水田ヒカル,みずたひかる
上野恵梨香,うえのえりか
奥田茜,おくだあかね
綾瀬佑,あやせたすく
市田美希,いちだみき
野沢誠治,のざわせいじ
谷佑,たにたすく
市村新太,いちむらあらた
高沢美佐,たかさわみさ
水崎洋介,みさきようすけ
早美あおい,はやみあおい
渡辺隼士,わたなべしゅんじ
滝本功補,たきもとこうすけ
岡莉央,おかりお
小峰あき,こみねあき
染谷杏,そめやあん
少路陽子,しょうじようこ
大平ヒロ,おおひらひろ
山根南朋,やまねなお
北村夏空,きたむらそら
塚本克実,つかもとかつみ
古谷徹,ふるたにとおる
古屋米蔵,ふるやよねぞう
森島ヒロ,もりしまひろ
相武南朋,あいぶなお
入江昌代,いりえまさよ
東くるみ,ひがしくるみ
川合優,かわいゆう
高畑勤,たかばたつとむ
市原小雁,いちはらこがん
砂川光臣,すなかわみつおみ
関亮,せきりょう
小坂美咲,こざかみさき
高岡ひかり,たかおかひかり
赤坂雅彦,あかさかまさひこ
上田敏也,うえだとしや
及川俊二,おいかわしゅんじ
田原瞬,たはらしゅん
柄本奈月,えもとなつき
角谷れいな,かどたにれいな
大和田路子,おおわだみちこ
黄川田丈史,きかわだたけし
金谷亮介,かなやりょうすけ
永山広之,ながやまひろゆき
前野真一,まえのしんいち
目黒知世,めぐろちせ
柏原春樹,かしわらはるき
小倉優,おぐらゆう
大友秀隆,おおともひでたか
今田光,いまだひかる
岡田光,おかだひかる
富沢努,とみさわつとむ
若杉完爾,わかすぎかんじ
対馬薫,つしまかおる
小池雅彦,こいけまさひこ
三上光,みかみひかる
柴山一哉,しばやまかずや
藤澤有起哉,ふじさわゆきや
赤松光,あかまつひかる
大原大,おおはらまさる
五十嵐満,いがらしみつる
生瀬あさみ,なませあさみ
菅沼薫,すがぬまかおる
江原法嗣,えはらほうし
細山竜也,ほそやまたつや
伊藤一輝,いとうかずき
白木誠一,しらきせいいち
宇田川由宇,うだがわゆう
浜野恵梨香,はまのえりか
金子ノブヒコ,かねこのぶひこ
中村菜々美,なかむらななみ
岩下季衣,いわしたとしえ
吉沢隼士,よしざわしゅんじ
杉浦菜摘,すぎうらなつみ
小峰なぎさ,こみねなぎさ
玉城路子,たまきみちこ
黒木了,くろきりょう
大坪基祐,おおつぼきすけ
浅川徹,あさかわとおる
阿部勝久,あべかつひさ
黄川田翔子,きかわだしょうこ
柴咲あさみ,しばさきあさみ
牧瀬勇一,まきせゆういち
安永慶二,やすながけいじ
大村理紗,おおむらりさ
ともさか鉄二,ともさかてつじ
三木鉄二,みきてつじ
今西京子,いまにしきょうこ
立川めぐみ,たちかわめぐみ
熊谷晴臣,くまがやはるおみ
松岡遥,まつおかはるか
高倉聡,たかくらさとし
福士照生,ふくしてるお
藤川正敏,ふじかわまさとし
玉城真希,たまきまき
安斎春樹,あんざいはるき
花岡光臣,はなおかみつおみ
水谷南朋,みずたになお
中野蒼甫,なかのそうすけ
深沢メイサ,ふかざわめいさ
石橋未來,いしばしみらい
市原高史,いちはらたかし
滝京子,たききょうこ
三浦誠一,みうらせいいち
柳川研二,やながわけんじ
池田みあ,いけだみあ
石野一代,いしのかずよ
田口勇介,たぐちゆうすけ
横田結子,よこたゆうこ
北島綾,きたじまあや
勝又薫,かつまたかおる
石丸宏,いしまるひろし
大和美帆,やまとみほ
渡辺りえ,わたなべりえ
寺西菊生,てらにしきくお
井手有起哉,いでゆきや
赤木菜々美,あかぎななみ
岩瀬小百合,いわせさゆり
中田一恵,なかたかづえ
落合明,おちあいあきら
山口沙知絵,やまぐちさちえ
長崎晋也,ながさきしんや
竹原建,たけはらけん
児島杏,こじまあん
小松友香,こまつともか
青野陽子,あおのようこ
河野貴美子,こうのきみこ
星野俊二,ほしのしゅんじ
山田莉央,やまだりお
武井ヒロ,たけいひろ
高畑光,たかはたひかる
新井まひる,あらいまひる
水谷涼子,みずたにりょうこ
小山茂樹,おやましげき
北原剛基,きたはらよしき
大場晃司,おおばこうじ
中礼子,なかれいこ
高木美優,たかぎみゅう
白鳥聡,しらとりさとし
柴崎勇一,しばざきゆういち
鎌田礼子,かまたれいこ
中西かおり,なかにしかおり
広川未來,ひろかわみらい
山川小雁,やまかわこがん
横田フミヤ,よこたふみや
松川紗季,まつかわさき
岡本そら,おかもとそら
杉村勇,すぎむらゆう
松山里奈,まつやまりな
青山晃司,あおやまこうじ
恩田麻緒,おんだまお
山口沙耶,やまぐちさや
諏訪竜也,すわたつや
内野陽子,うちのようこ
吉原ノブヒコ,よしわらのぶひこ
宇野まみ,うのまみ
大森宏行,おおもりひろゆき
長谷川詩織,はせがわしおり
下川那奈,しもかわなな
野沢陽子,のざわようこ
小関将也,こぜきまさや
前野知世,まえのちせ
林田まさし,はやしだまさし
有賀未來,ありがみらい
邑野怜奈,むらのれいな
中川恵望子,なかがわえみこ
松山陽子,まつやまようこ
松島大五郎,まつしまだいごろう
邑野翔,むらのしょう
森本碧海,もりもとおうが
相原景子,あいはらけいこ
おかやま未華子,おかやまみかこ
大久保しほり,おおくぼしほり
石橋祐一,いしばしゆういち
今井妃里,いまいゆり
川上慶太,かわかみけいた
白鳥ひかり,しらとりひかり
島崎徹,しまざきとおる
阪口一樹,さかぐちかずき
成瀬しほり,なるせしほり
岸直人,きしなおと
河田那奈,かわたなな
堤満,つつみみつる
石田南朋,いしだなお
新井友香,あらいともか
芹沢信輔,せりざわしんすけ
大倉雅之,おおくらまさゆき
松永あさみ,まつながあさみ
藤本由美子,ふじもとゆみこ
板橋由美子,いたばしゆみこ
尾崎聡,おざきさとし
柴田高史,しばたたかし
石山美菜,いしやまみな
市川有起哉,いちかわゆきや
広田知史,ひろたともふみ
三浦守,みうらまもる
山岡亜希,やまおかあき
乾竜也,いぬいたつや
釈将也,しゃくまさや
奥砂羽,おくさわ
清水崇史,しみずたかし
佐川雅功,さがわまさとし
寺島草太,てらじまそうた
神山一,かみやまはじめ
古田花,ふるたはな
内野祐基,うちのゆうき
川井洋介,かわいようすけ
菅谷文世,すがやふみよ
鹿賀公顕,かがきみあき
石倉栄一,いしくらえいいち
町田恵美,まちだめぐみ
藤村晴臣,ふじむらはるおみ
川合信輔,かわいしんすけ
稲垣直人,いながきなおと
今田隆,いまだたかし
久保田未來,くぼたみらい
須田れいな,すだれいな
千田花緑,せんだかろく
赤木愛,あかぎあい
結城浩太郎,ゆうきこうたろう
柳沢あき,やなぎさわあき
武藤仁,むとうじん
市原惇,いちはらじゅん
浅野右京,あさのうきょう
梅沢ヒロ,うめざわひろ
三橋美佐子,みはしみさこ
河内季衣,かわうちとしえ
和泉さんま,わいずみさんま
城田雅之,しろたまさゆき
渡部優,わたべゆう
萩原敦,はぎわらあつし
森田勇一,もりたゆういち
吉野慎之介,よしのしんのすけ
重松京子,しげまつきょうこ
金井幸平,かないこうへい
松下茂樹,まつしたしげき
高崎綾,たかさきあや
大山たまき,おおやまたまき
寺沢ひとり,てらさわひとり
坂田亮,さかたりょう
中島仁晶,なかじまひろあき
岡崎豊,おかざきゆたか
柳沢ノブヒコ,やなぎさわのぶひこ
松田慎之介,まつだしんのすけ
亀田みゆき,かめだみゆき
野島遥,のじまはるか
坂下由宇,さかしたゆう
小林亮,こばやしりょう
田端妃里,たばたゆり
丸田ケンイチ,まるたけんいち
寺沢美優,てらさわみゅう
石丸あさみ,いしまるあさみ
西由宇,にしゆう
吉永宏,よしながひろし
竹中遥,たけなかはるか
吹越信吾,ふきこししんご
八木法子,やぎのりこ
神野和香,かみのわか
橘和香,たちばなわか
岡村れいな,おかむられいな
安藤未來,あんどうみらい
植田寿々花,うえたすずか
高島丈史,たかしまたけし
遠藤朝香,えんどうあさか
近藤瞬,こんどうしゅん
小寺仁晶,こでらひろあき
大熊晋也,おおくましんや
森口結子,もりぐちゆうこ
浅見晋也,あさみしんや
有田瑠璃亜,ありたるりあ
長島将也,ながしままさや
楠恵麻,くすのきえま
甲斐洋介,かいようすけ
坂元長利,さかもとながとし
酒井真吾,さかいしんご
森島慢太郎,もりしままんたろう
原麗奈,はられな
片岡勇太,かたおかゆうた
小平フミヤ,こひらふみや
伊崎洋介,いさきようすけ
牧野蒼甫,まきのそうすけ
中谷隆之介,なかたにりゅうのすけ
徳永涼,とくながりょう
波多野茜,はたのあかね
田上米蔵,たうえよねぞう
大浦拓郎,おおうらたくろう
児島ノブヒコ,こじまのぶひこ
遠藤コウ,えんどうこう
木内妃里,きうちゆり
平田守,ひらたまもる
岡山裕次郎,おかやまゆうじろう
小森晴臣,こもりはるおみ
難波知史,なんばともふみ
門田幸平,かどたこうへい
宮部瞳,みやべひとみ
山瀬紗季,やませさき
平野竜也,ひらのたつや
矢沢慶二,やざわけいじ
長尾由美子,ながおゆみこ
河野俊二,こうのしゅんじ
川合優,かわいゆう
森谷耕司,もりやこうじ
川添博明,かわぞえひろあき
布施薫,ふせかおる
島田涼,しまだりょう
三橋彩,みはしあや
吉本敏也,よしもととしや
川田くるみ,かわたくるみ
横井真一,よこいしんいち
黄川田希,きかわだのぞみ
新垣那奈,にいがきなな
黄川田将也,きかわだまさや
豊原サダヲ,とよはらさだお
藤村里穂,ふじむらりほ
五十嵐啓介,いがらしけいすけ
城田美幸,しろたみゆき
守屋きみまろ,もりやきみまろ
森山倫子,もりやまのりこ
福田涼,ふくだりょう
石本希,いしもとのぞみ
山内幸子,やまのうちさちこ
玉木努,たまきつとむ
野上崇史,のがみたかし
狩野聖陽,かのまさあき
下村薫,しもむらかおる
小久保佳乃,こくぼよしの
浜一樹,はまかずき
相馬優,あいばゆう
山口直人,やまぐちなおと
大森碧海,おおもりおうが
山本真悠子,やまもとまゆこ
永井理紗,ながいりさ
工藤彩,くどうあや
田崎敦,たざきあつし
鶴岡知世,つるおかちせ
児島あさみ,こじまあさみ
森川愛菜,もりかわあいな
三村豊,みむらゆたか
武進,たけすすむ
岩谷三省,いわたにさんせい
長野那奈,ながのなな
野上えみ,のがみえみ
立川美月,たちかわみづき
芳賀砂羽,はがさわ
福田正敏,ふくだまさとし
雨宮法嗣,あまみやほうし
唐沢サンタマリア,からさわさんたまりあ
岩井茂樹,いわいしげき
竹内まさみ,たけうちまさみ
生瀬ノブヒコ,なませのぶひこ
関谷杏,せきやあん
車光臣,くるまみつおみ
笠原浩介,かさはらこうすけ
川島精児,かわしませいじ
浅川砂羽,あさかわさわ
若杉きみまろ,わかすぎきみまろ
椎名仁,しいなじん
高樹涼子,たかぎりょうこ
相原勇一,あいはらゆういち
津田だん吉,つだだんきち
志村砂羽,しむらさわ
益岡昌代,ますおかまさよ
五十嵐隆,いがらしたかし
大森詩織,おおもりしおり
秋山倫子,あきやまのりこ
及川瞬,おいかわしゅん
徳重ひろみ,とくしげひろみ
寺島光,てらじまひかる
柄本真一,えもとしんいち
大森怜奈,おおもりれいな
岩瀬まさし,いわせまさし
岩谷はるみ,いわたにはるみ
今村しぼり,いまむらしぼり
相原貴嶺,あいはらたかね
宇佐美郁恵,うさみいくえ
石崎将也,いしざきまさや
塩谷聡,しおやさとし
国分路子,こくぶんみちこ
田口照生,たぐちてるお
羽田俊二,はだしゅんじ
岡崎佑,おかざきたすく
内村なつみ,うちむらなつみ
戸塚窈,とづかよう
福原サダヲ,ふくはらさだお
森山ノブヒコ,もりやまのぶひこ
ユースケ那奈,ゆーすけなな
川上孝太郎,かわかみこうたろう
町田ヒロ,まちだひろ
谷村そら,たにむらそら
坂元薫,さかもとかおる
川村彩,かわむらあや
窪塚美佐子,くぼづかみさこ
並木拓郎,なみきたくろう
田原美咲,たはらみさき
安座間かおり,あざまかおり
永井杏,ながいあん
横井三省,よこいさんせい
池畑礼子,いけはたれいこ
長友朝陽,ながともあさひ
下村弘也,しもむらひろなり
山根桃子,やまねももこ
竹内満,たけうちみつる
少路なぎさ,しょうじなぎさ
西野夏空,にしのそら
塚本未華子,つかもとみかこ
合田奈月,あいだなつき
菅谷草太,すがやそうた
目黒遥,めぐろはるか
織田ヒロ,おだひろ
野田さとみ,のださとみ
三上詩織,みかみしおり
ほしの恵望子,ほしのえみこ
玉田崇史,たまだたかし
本間朝陽,ほんまあさひ
中岡隆之介,なかおかりゅうのすけ
酒井陽介,さかいようすけ
成田利夫,なりたとしお
倉田淳,くらたあつし
石沢法子,いしざわのりこ
松下守,まつしたまもる
新垣さんま,あらがきさんま
大石麻緒,おおいしまお
小田敏也,おだとしや
鳥居雅彦,とりいまさひこ
西口洋介,にしぐちようすけ
豊原涼,とよはらりょう
石井基祐,いしいきすけ
西山愛子,にしやまあいこ
桑田ジローラモ,くわたじろーらも
松永真悠子,まつながまゆこ
松原あさみ,まつばらあさみ
梅沢建,うめざわけん
平沢徹,ひらさわとおる
大熊雅彦,おおくままさひこ
金城ひろ子,かなしろひろこ
横尾まみ,よこおまみ
古田英嗣,ふるたひでつぐ
細山徹,ほそやまとおる
吉本恭子,よしもときょうこ
柳たまき,やなぎたまき
笹川隼士,ささがわしゅんじ
富田一恵,とみたかづえ
有田真悠子,ありたまゆこ
市川陽子,いちかわようこ
服部禄郎,はっとりろくろう
松下真一,まつしたしんいち
城戸明,きどあきら
久野英嗣,ひさのひでつぐ
田尻愛梨,たじりあいり
紺野育子,こんのいくこ
宮迫ジョージ,みやさこじょーじ
池本光洋,いけもとみつひろ
神木薫,かみきかおる
篠原剛基,しのはらよしき
浜野優,はまのゆう
本間窈,ほんまよう
藤雅功,ふじまさとし
奥貫瑠璃亜,おくぬきるりあ
石橋コウ,いしばしこう
田村秀樹,たむらひでき
東彩,ひがしあや
喜多広之,きたひろゆき
川西有起哉,かわにしゆきや
影山恵子,かげやまけいこ
森島莉央,もりしまりお
川西桃子,かわにしももこ
丸田惇,まるたじゅん
西川豊,にしかわゆたか
細川優,ほそかわゆう
邑野陽子,むらのようこ
小川一哉,おがわかずや
長浜光臣,ながはまみつおみ
長井健,ながいけん
野上未華子,のがみみかこ
秋田達士,あきたたつひと
松浦陽介,まつうらようすけ
小久保有海,こくぼあみ
白鳥染五郎,しらとりそめごろう
岸景子,きしけいこ
小室将也,こむろまさや
藤川勝久,ふじかわかつひさ
富山美佐,とみやまみさ
藤沢早織,ふじさわさおり
北条満,ほうじょうみつる
星野高史,ほしのたかし
川添涼,かわぞえりょう
寺島コウ,てらじまこう
徳田康文,とくたやすふみ
小野田弘也,おのだひろなり
近藤ジローラモ,こんどうじろーらも
戎光,えびすひかる
石田信吾,いしだしんご
松浦恵望子,まつうらえみこ
北条兼,ほうじょうけん
田代知史,たしろともふみ
塚本勇介,つかもとゆうすけ
小原恵梨香,おはらえりか
大谷守,おおたにまもる
日下部和香,くさかべわか
安倍新太,あべあらた
片瀬優一,かたせゆういち
赤坂雅之,あかさかまさゆき
坂下隼士,さかしたしゅんじ
安座間勝久,あざまかつひさ
田代あさみ,たしろあさみ
田原米蔵,たはらよねぞう
狩野さやか,かのさやか
溝口隼士,みぞぐちしゅんじ
木村努,きむらつとむ
土居ヒカル,どいひかる
堀人志,ほりひとし
松山真一,まつやましんいち
野際豊,のぎわゆたか
浅見豊,あさみゆたか
窪塚裕次郎,くぼづかゆうじろう
米倉未華子,よねくらみかこ
原田瞬,はらだしゅん
三橋明,みはしあきら
窪塚まさみ,くぼづかまさみ
河西一,かわにしはじめ
神田貴嶺,かんだたかね
岡村コウ,おかむらこう
溝口きみまろ,みぞぐちきみまろ
南賢治,みなみけんじ
相沢麻緒,あいざわまお
高畑愛子,たかはたあいこ
野田しぼり,のだしぼり
倉本めぐみ,くらもとめぐみ
矢口未來,やぐちみらい
松谷はじめ,まつたにはじめ
熊井ひかり,くまいひかり
三沢たまき,みさわたまき
榊原陽介,さかきばらようすけ
富田ヒカル,とみたひかる
川中美和子,かわなかみわこ
甲斐夏希,かいなつき
竹田慎之介,たけだしんのすけ
芹沢未華子,せりざわみかこ
宇都宮洋,うつのみやよう
北条一哉,ほうじょうかずや
藤島獅童,ふじしましどう
木内太朗,きうちたろう
湯浅一徳,ゆあさいっとく
堤進,つつみすすむ
大井和久,おおいかずひさ
湯浅拓郎,ゆあさたくろう
金森まさし,かなもりまさし
狩野礼子,かのれいこ
高谷まなみ,たかやまなみ
永野惇,ながのあつし
岩本真希,いわもとまき
勝田智花,かつだともか
高井優,たかいゆう
水谷大樹,みずたにひろき
森本一恵,もりもとかづえ
玉城芽以,たまきめい
神山真悠子,かみやままゆこ
村山直人,むらやまなおと
小泉遥,こいずみはるか
金谷真一,かなやしんいち
西口りえ,にしぐちりえ
岩谷サンタマリア,いわたにさんたまりあ
伊藤怜奈,いとうれいな
堀口三郎,ほりぐちさぶろう
守屋由宇,もりやゆう
古田結子,ふるたゆうこ
戎美佐,えびすみさ
柴田恵子,しばたけいこ
中井だん吉,なかいだんきち
浜本さやか,はまもとさやか
片桐みゆき,かたぎりみゆき
菅井小百合,すがいさゆり
柳田奈央,やなぎだなお
上野メイサ,うえのめいさ
織田恵梨香,おだえりか
高畑一徳,たかばたいっとく
深田隆博,ふかだたかひろ
森だん吉,もりだんきち
小関くるみ,こぜきくるみ
塩田佑,しおたたすく
上野隼士,うえのしゅんじ
酒井寿明,さかいとしあき
中井春樹,なかいはるき
上杉さゆり,うえすぎさゆり
八木太朗,やぎたろう
野呂菜摘,のろなつみ
前原詩織,まえはらしおり
堀江真帆,ほりえまほ
小野田染五郎,おのだそめごろう
須田麻緒,すだまお
松崎砂羽,まつざきさわ
森川莉緒,もりかわりお
中井恵梨香,なかいえりか
相馬憲一,あいばけんいち
勝地淳,かつぢあつし
戎輝信,えびすあきのぶ
薬師丸あさみ,やくしまるあさみ
少路明慶,しょうじあきよし
野本博明,のもとひろあき
片岡陽子,かたおかようこ
前島哲平,まえじまてっぺい
川辺礼子,かわべれいこ
水谷一代,みずたにかずよ
原口あや子,はらぐちあやこ
長崎達士,ながさきたつひと
千葉杏,ちばあん
ユースケ花緑,ゆーすけかろく
田中裕司,たなかゆうじ
大石優,おおいしゆう
小野田友香,おのだともか
梅原和久,うめはらかずひさ
国分くるみ,こくぶんくるみ
玉置賢治,たまきけんじ
成海明,なるみあきら
吉本芳正,よしもとよしまさ
高野満,たかのみつる
国分真奈美,こくぶんまなみ
井本信輔,いもとしんすけ
遠山研二,とおやまけんじ
吹石みき,ふきいしみき
荻野友以乃,おぎのゆいの
磯村研二,いそむらけんじ
中塚慢太郎,なかづかまんたろう
真田サンタマリア,さなださんたまりあ
横井綾,よこいあや
黒谷みき,くろたにみき
梅津大五郎,うめづだいごろう
河合勝久,かわいかつひさ
毛利詩織,もうりしおり
諏訪聡,すわさとし
仲村大,なかむらまさる
児玉賢治,こだまけんじ
大内知世,おおうちちせ
坂井拓郎,さかいたくろう
木下美菜,きのしたみな
多岐川ヒロ,たきがわひろ
寺岡右京,てらおかうきょう
大倉進,おおくらすすむ
寺沢美和子,てらさわみわこ
羽田七世,はだななせ
三木守,みきまもる
大城涼,おおしろりょう
志水砂羽,しみずさわ
葛西千夏,かさいちなつ
安斎洋介,あんざいようすけ
木田奈央,きだなお
米田将也,よねだまさや
長谷麻緒,ながやまお
根本芽以,ねもとめい
竹村裕次郎,たけむらゆうじろう
北条智花,ほうじょうともか
会田秀樹,あいだひでき
鈴木大五郎,すずきだいごろう
柴田育子,しばたいくこ
氏家里奈,うじいえりな
黒木信吾,くろきしんご
平田ひとみ,ひらたひとみ
湊将也,みなとまさや
片桐耕司,かたぎりこうじ
浜本遥,はまもとはるか
神戸エリカ,こうべえりか
平良まみ,ひららまみ
田口窈,たぐちよう
池内育二,いけうちいくじ
石井朝陽,いしいあさひ
宮部奈月,みやべなつき
奥村花,おくむらはな
堀秀樹,ほりひでき
車ひとみ,くるまひとみ
中山信輔,なかやましんすけ
滝美佐子,たきみさこ
堀江きみまろ,ほりえきみまろ
山中健,やまなかけん
金児れいな,かねこれいな
若松佳乃,わかまつよしの
木内サダヲ,きうちさだお
古谷獅童,ふるたにしどう
榊原麻緒,さかきばらまお
寺井徹,てらいとおる
荒木たかお,あらきたかお
並木まみ,なみきまみ
大下フミヤ,おおしたふみや
足立真奈美,あだちまなみ
柳家マサカズ,やなぎやまさかず
田川功補,たがわこうすけ
井上明宏,いのうえあきひろ
中島璃奈子,なかしまりなこ
三井未來,みついみらい
宮内一輝,みやうちかずき
中島聡,なかじまさとし
藤村完爾,ふじむらかんじ
西由美子,にしゆみこ
風間綾女,かざまあやめ
坂口涼子,さかぐちりょうこ
稲葉美菜,いなばみな
皆川仁晶,みなかわひろあき
植村明日,うえむらめいび
多部ひかり,たべひかり
市川美和子,いちかわみわこ
岩永愛子,いわながあいこ
宮坂まさみ,みやさかまさみ
坂東未來,ばんとうみらい
金山しぼり,かなやましぼり
城田なつみ,しろたなつみ
釈扶樹,しゃくもとき
岸早紀,きしさき
高松あさみ,たかまつあさみ
南部真奈美,なんぶまなみ
向井あおい,むらいあおい
高木寛,たかぎひろし
森本窈,もりもとよう
本上憲史,ほんじょうのりひと
大槻長利,おおつきながとし
高木佳乃,たかぎよしの
有馬浩介,ありまこうすけ
金子恵望子,かねこえみこ
津田染五郎,つだそめごろう
加藤優一,かとうゆういち
清田淳,きよたあつし
矢沢花,やざわはな
八木玲那,やぎれな
大西華子,おおにしはなこ
境光洋,さかいみつひろ
黒川豊,くろかわゆたか
城戸花緑,きどかろく
神野佳乃,かみのよしの
玉木英嗣,たまきひでつぐ
津川弘也,つがわひろなり
堤恵麻,つつみえま
今村広司,いまむらこうじ
菅野賢治,かんのけんじ
中岡豊,なかおかゆたか
三船由樹,みふねゆき
久保田未華子,くぼたみかこ
岸本綾女,きしもとあやめ
白石勇太,しらいしゆうた
吉原メイサ,よしわらめいさ
細山倫子,ほそやまのりこ
千田愛子,せんだあいこ
柴田染五郎,しばたそめごろう
飯島奈々,いいじまなな
大内有起哉,おおうちゆきや
吹越しほり,ふきこししほり
石崎ジョージ,いしざきじょーじ
勝田夏空,かつだそら
柳鉄二,やなぎてつじ
榊原一徳,さかきばらいっとく
中野裕次郎,なかのゆうじろう
角未來,すみみらい
入江佳乃,いりえよしの
大津基祐,おおつきすけ
大泉進,おおいずみすすむ
高瀬沙耶,たかせさや
熊沢隼士,くまさわしゅんじ
大谷隼士,おおたにしゅんじ
山根花,やまねはな
大森はるか,おおもりはるか
黒川長利,くろかわながとし
秋元将也,あきもとまさや
北礼子,きたれいこ
米田満,よねだみつる
山内宏,やまのうちひろし
伊藤サンタマリア,いとうさんたまりあ
三木きみまろ,みききみまろ
谷本優一,たにもとゆういち
松下有起哉,まつしたゆきや
高岡徹,たかおかとおる
山本光臣,やまもとみつおみ
山川聖陽,やまかわまさあき
向井結子,むらいゆうこ
浜田英嗣,はまだひでつぐ
蛍原勇一,ほとはらゆういち
神崎和久,かんざきかずひさ
大友菜摘,おおともなつみ
大友雅彦,おおともまさひこ
池内咲,いけうちさき
荻野まなみ,おぎのまなみ
大木充則,おおきみつのり
小山れいな,おやまれいな
宮沢砂羽,みやざわさわ
寺本ひとり,てらもとひとり
小関真奈美,こぜきまなみ
鈴木綾女,すずきあやめ
中田陽子,なかたようこ
植田メイサ,うえためいさ
石川茜,いしかわあかね
小菅徹,こすげとおる
丸山綾,まるやまあや
諏訪倫子,すわのりこ
向井薫,むらいかおる
福永徹,ふくながとおる
益岡咲,ますおかさき
吉田賢治,よしだけんじ
堀川育二,ほりかわいくじ
相馬薫,あいばかおる
野村亜希,のむらあき
柴咲咲,しばさきさき
手塚美菜,てづかみな
前島サンタマリア,まえじまさんたまりあ
角田有海,かどたあみ
菅澤遥,すがさわはるか
長浜勝久,ながはまかつひさ
成田了,なりたりょう
岩間丈史,いわまたけし
吹越明,ふきこしあきら
劇団華子,げきだんはなこ
村中真悠子,むらなかまゆこ
綾瀬璃奈子,あやせりなこ
小池くるみ,こいけくるみ
小松怜奈,こまつれいな
影山光臣,かげやまみつおみ
さだ真帆,さだまほ
江口守,えぐちまもる
浜しぼり,はましぼり
滝美咲,たきみさき
役所慢太郎,やくしょまんたろう
成瀬優,なるせゆう
阿井華子,あいはなこ
早川ヒロ,はやかわひろ
高樹涼,たかぎりょう
星野努,ほしのつとむ
菅満,すがみつる
阿部洋介,あべようすけ
高嶋まさみ,たかしままさみ
北村サンタマリア,きたむらさんたまりあ
小田島法嗣,おだじまほうし
多部光,たべひかる
岸田美菜,きしだみな
杉本有起哉,すぎもとゆきや
浜愛子,はまあいこ
川畑宏行,かわはたひろゆき
横山右京,よこやまうきょう
川越春樹,かわごえはるき
山瀬淳子,やませあつこ
松原敦,まつばらあつし
神野詩織,かみのしおり
吉原さとみ,よしわらさとみ
中園あさみ,なかぞのあさみ
パンツェッタ育子,ぱんつぇったいくこ
中島惇,なかしまあつし
藤村美和子,ふじむらみわこ
宮部陽介,みやべようすけ
役所友也,やくしょともや
細谷幸子,ほそやさちこ
金沢竜也,かねざわたつや
黒沢恵美,くろさわめぐみ
ともさか丈雄,ともさかたけお
菅沼健,すがぬまけん
高島太朗,たかしまたろう
三枝信吾,さんししんご
八木ノブヒコ,やぎのぶひこ
森下祐一,もりしたゆういち
高梨新太,たかなしあらた
水崎光臣,みさきみつおみ
那須真吾,なすしんご
今田友香,いまだともか
坂野隆之介,いたのりゅうのすけ
山岡知世,やまおかちせ
小柳麻由子,こやなぎまゆこ
児島仁晶,こじまひろあき
上村ひとみ,うえむらひとみ
松下洋介,まつしたようすけ
亀井瑠璃亜,かめいるりあ
立川陽子,たちかわようこ
岩瀬真一,いわせしんいち
千田小雁,せんだこがん
石沢メイサ,いしざわめいさ
高樹怜奈,たかぎれいな
北山隆,きたやまたかし
浅川コウ,あさかわこう
有田仁,ありたじん
沢田慶太,さわだけいた
徳永莉沙,とくながりさ
寺井ヒロ,てらいひろ
和田美佳,わだみか
葛西丈史,かさいたけし
北村明慶,きたむらあきよし
村岡敏也,むらおかとしや
浦野芽以,うらのめい
菊池剛基,きくちよしき
沖晴臣,おきはるおみ
三木育二,みきいくじ
内村愛子,うちむらあいこ
篠山豊,しのやまゆたか
大河内淳,おおこうちあつし
根岸三省,ねぎしさんせい
吉田圭,よしだけい
浅井美帆,あさいみほ
福田敏也,ふくだとしや
上村えみ,うえむらえみ
柴咲莉緒,しばさきりお
長友礼子,ながともれいこ
片桐大樹,かたぎりひろき
菅澤美佐子,すがさわみさこ
山岡優,やまおかゆう
益岡文世,ますおかふみよ
岡本竜也,おかもとたつや
宮沢芽以,みやざわめい
瀬川誠治,せがわせいじ
広川慎之介,ひろかわしんのすけ
大崎瞬,おおさきしゅん
神崎雅功,かんざきまさとし
藤田寿々花,ふじたすずか
山内隼士,やまうちしゅんじ
和田美幸,わだみゆき
城田美佳,しろたみか
平里奈,たいらりな
三井憲史,みついのりひと
木内俊二,きうちしゅんじ
井川ヒロ,いがわひろ
中田真一,なかたしんいち
湯浅由宇,ゆあさゆう
荒井俊二,あらいしゅんじ
小久保崇史,こくぼたかし
葛西陽子,かさいようこ
柴咲鉄二,しばさきてつじ
宍戸ちえみ,ししどちえみ
原美幸,はらみゆき
高見ケンイチ,たかみけんいち
春日妃里,かすがゆり
酒井恵梨香,さかいえりか
三浦龍吉,みうらりゅうきち
小柳麗奈,こやなぎれな
石山信輔,いしやましんすけ
西川仁,にしかわじん
杉村徹平,すぎむらてっぺい
西村千佳子,にしむらちかこ
市原碧海,いちはらおうが
劇団茜,げきだんあかね
中沢美幸,なかざわみゆき
宮坂美優,みやさかみゅう
小野田茂樹,おのだしげき
小野田啓介,おのだけいすけ
諏訪右京,すわうきょう
八木七世,やぎななせ
菅井晃司,すがいこうじ
川端菜摘,かわばたなつみ
橘はるみ,たちばなはるみ
柳原たまき,やなぎはらたまき
菅井淳,すがいあつし
益岡丈史,ますおかたけし
藤島礼子,ふじしまれいこ
相武さとみ,あいぶさとみ
青山はじめ,あおやまはじめ
土屋たかお,つちやたかお
染谷早織,そめやさおり
湊幸平,みなとこうへい
大内しほり,おおうちしほり
中尾咲,なかおさき
大村砂羽,おおむらさわ
境芽以,さかいめい
田沢俊二,たざわしゅんじ
梅沢麗奈,うめざわれな
森本里奈,もりもとりな
釈広之,しゃくひろゆき
坂東翔,ばんとうしょう
大竹れいな,おおたけれいな
高樹大五郎,たかぎだいごろう
峰幸子,みねさちこ
吉崎莉央,よしざきりお
中西勇一,なかにしゆういち
須田惇,すだあつし
寺沢直人,てらさわなおと
藤岡徹,ふじおかとおる
大後栄一,おおごえいいち
市村沙耶,いちむらさや
深沢きみまろ,ふかざわきみまろ
長谷達士,ながやたつひと
大森文世,おおもりふみよ
田辺光博,たなべみつひろ
村田奈央,むらたなお
相川瞬,あいかわしゅん
秋本綾,あきもとあや
美木礼子,みきれいこ
伴一輝,ばんかずき
曽根竜也,そねたつや
小林翔子,こばやししょうこ
寺島由樹,てらじまゆき
小川ちえみ,おがわちえみ
深沢かおり,ふかざわかおり
藤澤杏,ふじさわあん
船橋愛梨,ふなばしあいり
河合詩織,かわいしおり
永瀬徹,ながせとおる
若山一恵,わかやまかづえ
三橋亮介,みはしりょうすけ
大野詩織,おおのしおり
沢田龍吉,さわだりゅうきち
山本理紗,やまもとりさ
野田千佳子,のだちかこ
中本真一,なかもとしんいち
西山なつみ,にしやまなつみ
三島美紀,みしまみき
大矢きみまろ,おおやきみまろ
井口菜々美,いぐちななみ
岩谷一輝,いわたにかずき
海音寺真希,かいおんじまき
三田玲那,みたれな
矢野圭,やのけい
小西佳乃,こにしよしの
村松友香,むらまつともか
飯島美希,いいじまみき
ユースケ美月,ゆーすけみづき
杉田遥,すぎたはるか
小川徹,おがわとおる
毛利倫子,もうりのりこ
河野遥,こうのはるか
古田康文,ふるたやすふみ
狩野真帆,かのまほ
岩田高史,いわたたかし
中村沙知絵,なかむらさちえ
吉崎優,よしざきゆう
立川徹,たちかわとおる
相川竜次,あいかわりゅうじ
高山雅彦,たかやままさひこ
宮城美和子,みやぎみわこ
石崎貴美子,いしざききみこ
平良美和子,ひららみわこ
高見真奈美,たかみまなみ
榊原南朋,さかきばらなお
緒方敏和,おがたとしかず
西沢めぐみ,にしざわめぐみ
役所美希,やくしょみき
有田恵麻,ありたえま
青柳竜也,あおやぎたつや
平薫,たいらかおる
瀬戸雅彦,せとまさひこ
古田文世,ふるたふみよ
森脇エリカ,もりわきえりか
西口光,にしぐちひかる
栗林太朗,くりばやしたろう
角田りえ,かどたりえ
亀井美里,かめいみり
五味宏行,ごみひろゆき
奥村浩太郎,おくむらこうたろう
前原ケンイチ,まえはらけんいち
勝田くるみ,かつだくるみ
庄司メイサ,しょうじめいさ
福地高史,ふくちたかし
森山恵麻,もりやまえま
熊井明,くまいあきら
大沢沙知絵,おおさわさちえ
宇佐美朝香,うさみあさか
奥寺勝久,おくでらかつひさ
黒谷憲一,くろたにけんいち
福地明日,ふくちめいび
白川鉄二,しらかわてつじ
加藤真悠子,かとうまゆこ
下山大五郎,しもやまだいごろう
丸山陽子,まるやまようこ
大和田広之,おおわだひろゆき
福井茂樹,ふくいしげき
原竜也,はらたつや
大畑博明,おおはたひろあき
辻本康文,つじもとやすふみ
木戸三省,きどさんせい
宇佐美まなみ,うさみまなみ
宮沢はじめ,みやざわはじめ
菊池美優,きくちみゅう
香椎未來,かしいみらい
市川詩織,いちかわしおり
黄川田竜次,きかわだりゅうじ
高梨明,たかなしあきら
渡辺怜奈,わたなべれいな
三船圭,みふねけい
荒川小雁,あらかわこがん
田淵雄太,たぶちゆうた
村木路子,むらきみちこ
正木佑,まさきたすく
神谷晃司,かみやこうじ
森島慶太,もりしまけいた
西田友也,にしだともや
大和田聡,おおわださとし
藤田美嘉,ふじたみか
前野法嗣,まえのほうし
滝勝久,たきかつひさ
馬場恵梨香,ばばえりか
小山愛子,おやまあいこ
堀北南朋,ほりきたなお
柄本玲那,えもとれな
楠一哉,くすのきかずや
松井徹平,まついてっぺい
新垣明,あらがきあきら
奥田小百合,おくださゆり
小日向信吾,こひなたしんご
佐川了,さがわりょう
水崎満,みさきみつる
小久保俊二,こくぼしゅんじ
河合だん吉,かわいだんきち
岡山優,おかやまゆう
宮崎勇太,みやざきゆうた
根本茜,ねもとあかね
春日聡,かすがさとし
石沢幸平,いしざわこうへい
玉田まひる,たまだまひる
勝地育子,かつぢいくこ
高沢優,たかさわゆう
内田彩華,うちだあやか
安斎璃子,あんざいりこ
生田莉沙,なまたりさ
田畑ノブヒコ,たばたのぶひこ
山上貴美子,やまがみきみこ
杉野慎之介,すぎのしんのすけ
黒岩莉央,くろいわりお
片岡知史,かたおかともふみ
杉下祐一,すぎしたゆういち
上田由宇,うえだゆう
角谷博之,かどたにひろゆき
大川沙知絵,おおかわさちえ
上杉七世,うえすぎななせ
長澤愛菜,ながさわあいな
小玉華子,こだまはなこ
上田真奈美,うえだまなみ
二宮恵梨香,にのみやえりか
平一恵,たいらかづえ
藤岡さやか,ふじおかさやか
進藤敦,しんどうあつし
坂東隆太,ばんとうりゅうた
奥村大樹,おくむらひろき
大江克実,おおえかつみ
篠田恵梨香,しのだえりか
遠山隆博,とおやまたかひろ
篠山淳,しのやまあつし
奥山明,おくやまあきら
星だん吉,ほしだんきち
宮迫みあ,みやさこみあ
大塚徹,おおつかとおる
花田涼子,はなだりょうこ
深田誠一,ふかだせいいち
鶴田瞳,つるたひとみ
栗山サンタマリア,くりやまさんたまりあ
高倉正義,たかくらまさよし
長谷なぎさ,ながやなぎさ
若林雅之,わかばやしまさゆき
岸麗奈,きしれな
藤本ジョージ,ふじもとじょーじ
丸山ヒカル,まるやまひかる
邑野はじめ,むらのはじめ
増井恵梨香,ますいえりか
白井あや子,しらいあやこ
赤木薫,あかぎかおる
佐伯綾,さえきあや
角真希,すみまき
曽我龍吉,そがりゅうきち
今田涼子,いまだりょうこ
大河内由宇,おおこうちゆう
中川真吾,なかがわしんご
高山明日,たかやまめいび
坂下景子,さかしたけいこ
川井千佳子,かわいちかこ
藤澤英嗣,ふじさわひでつぐ
三井芽以,みついめい
入江美月,いりえみづき
三村正敏,みむらまさとし
古谷菜摘,ふるたになつみ
菅野浩正,かんのひろまさ
西田克実,にしだかつみ
飯田六郎,いいだろくろう
横井菜摘,よこいなつみ
武藤恵望子,むとうえみこ
矢部なぎさ,やべなぎさ
谷村美佐子,たにむらみさこ
大後えみ,おおごえみ
末永碧海,すえながおうが
高畑博之,たかばたひろゆき
堀北完爾,ほりきたかんじ
彼方亮介,かなたりょうすけ
松永公顕,まつながきみあき
永井涼,ながいりょう
長谷精児,ながやせいじ
青木薫,あおきかおる
手島剛基,てじまよしき
小西健,こにしけん
菅野知世,かんのちせ
諏訪涼,すわりょう
芹沢豊,せりざわゆたか
杉本紗季,すぎもとさき
対馬公顕,つしまきみあき
塩谷友以乃,しおたにゆいの
林正義,はやしまさよし
梅沢勇太,うめざわゆうた
明石竜也,あかしたつや
高島那奈,たかしまなな
谷口郁恵,たにぐちいくえ
細井未來,ほそいみらい
町田郁恵,まちだいくえ
滝沢康文,たきざわやすふみ
梅原なつみ,うめはらなつみ
広川啓介,ひろかわけいすけ
佐々木光良,ささきてるよし
小市しほり,こいちしほり
江口良介,えぐちりょうすけ
木戸そら,きどそら
松川花,まつかわはな
山上光,やまがみひかる
湯浅薫,ゆあさかおる
小松信吾,こまつしんご
金児文世,かねこふみよ
西浦大五郎,にしうらだいごろう
久米浩正,くめひろまさ
岩田陽子,いわたようこ
若槻仁,わかつきじん
西本詩織,にしもとしおり
内海隆太,うちみりゅうた
茂木知世,もぎちせ
沖慶太,おきけいた
荒川咲,あらかわさき
村田ヒロ,むらたひろ
山形博明,やまがたひろあき
皆川なつみ,みなかわなつみ
秋元慶太,あきもとけいた
中島洋介,なかしまようすけ
神田耕司,かんだこうじ
若槻徹,わかつきとおる
上田千佳子,うえだちかこ
落合瞬,おちあいしゅん
中尾育子,なかおいくこ
松本勇介,まつもとゆうすけ
佐野啓介,さのけいすけ
永田寿明,ながたとしあき
笹原早紀,ささはらさき
福田慢太郎,ふくだまんたろう
小田翔太,おだしょうた
伊東隼士,いとうしゅんじ
川井丈雄,かわいたけお
深沢隼士,ふかざわしゅんじ
浜田里奈,はまだりな
高沢淳子,たかさわあつこ
松尾幸平,まつおこうへい
境遥,さかいはるか
植田優,うえたゆう
相沢くるみ,あいざわくるみ
蒼井さゆり,あおいさゆり
川崎賢二,かわさきけんじ
赤坂里奈,あかさかりな
阿井祐一,あいゆういち
ト字たかお,とじたかお
目黒美月,めぐろみづき
河田浩正,かわたひろまさ
米谷まさし,よねやまさし
池本美智子,いけもとみちこ
松下法子,まつしたのりこ
小町真一,こまちしんいち
本間ひかり,ほんまひかり
田口草太,たぐちそうた
宮脇一徳,みやわきいっとく
沢恵梨香,さわえりか
沖雅彦,おきまさひこ
花岡博之,はなおかひろゆき
紺野隆太,こんのりゅうた
吉原はるみ,よしわらはるみ
小出あさみ,こいであさみ
竹本亮,たけもとりょう
瀬戸千佳子,せとちかこ
川辺光,かわべひかる
永瀬博之,ながせひろゆき
篠田莉央,しのだりお
畑健,はたけけん
香川菜摘,かがわなつみ
本橋知世,もとはしちせ
長友一恵,ながともかづえ
大石祐基,おおいしゆうき
楠本めぐみ,くすもとめぐみ
河合早織,かわいさおり
真鍋瞳,まなべひとみ
本田了,ほんだりょう
福原美紀,ふくはらみき
若山たかお,わかやまたかお
吉田サンタマリア,よしださんたまりあ
美輪はるか,みわはるか
水谷亮,みずたにりょう
満島勇太,みつしまゆうた
高村由美子,たかむらゆみこ
若山ケンイチ,わかやまけんいち
藤田華子,ふじたはなこ
浜田詩織,はまだしおり
大竹恵美,おおたけめぐみ
湯浅俊介,ゆあさしゅんすけ
おかやま桃子,おかやまももこ
早川光良,はやかわてるよし
大森一徳,おおもりいっとく
小久保あや子,こくぼあやこ
七瀬美智子,ななせみちこ
加藤佳乃,かとうよしの
小出賢治,こいでけんじ
福沢聡,ふくざわさとし
戸塚里穂,とづかりほ
金井扶樹,かないもとき
平松由宇,ひらまつゆう
豊原愛菜,とよはらあいな
寺島綾女,てらじまあやめ
川野マサカズ,かわのまさかず
西島明宏,にしじまあきひろ
上村慶二,うえむらけいじ
古田徹平,ふるたてっぺい
横田玲那,よこたれな
吉岡まさみ,よしおかまさみ
奥寺光,おくでらひかる
土谷晴臣,つちやはるおみ
湊奈月,みなとなつき
宮里一樹,みやざとかずき
佐竹丈史,さたけたけし
浜本サダヲ,はまもとさだお
池田碧海,いけだおうが
村田克実,むらたかつみ
小幡綾,おばたあや
筒井詩織,つついしおり
神山景子,かみやまけいこ
森下さゆり,もりしたさゆり
安井あおい,やすいあおい
杉浦芽以,すぎうらめい
戸田みゆき,とだみゆき
大沢竜也,おおさわたつや
畠中紗季,はたなかさき
大倉翔,おおくらしょう
中園ヒロ,なかぞのひろ
谷本寿明,たにもととしあき
砂川雅功,すなかわまさとし
森下雅之,もりしたまさゆき
砂川雅之,すなかわまさゆき
相武瞬,あいぶしゅん
本上美嘉,ほんじょうみか
明石家新太,あかしやあらた
千葉礼子,ちばれいこ
堀きみまろ,ほりきみまろ
西川優一,にしかわゆういち
関新太,せきあらた
小松涼,こまつりょう
染谷育子,そめやいくこ
武井茂樹,たけいしげき
梅村浩介,うめむらこうすけ
平敏也,たいらとしや
三原美幸,みはらみゆき
永田綾女,ながたあやめ
大沢碧海,おおさわおうが
小笠原明日,おがさわらめいび
佐藤悟志,さとうさとし
大友ちえみ,おおともちえみ
今惇,こんあつし
新田知史,あらたともふみ
堀三郎,ほりさぶろう
妻夫木愛,つまぶきあい
飯野たかお,いいのたかお
小沼浩太郎,こぬまこうたろう
片平しほり,かたひらしほり
石黒禄郎,いしぐろろくろう
葛西聖陽,かさいまさあき
浜口寿明,はまぐちとしあき
井上あさみ,いのうえあさみ
玉山獅童,たまやましどう
早美菊生,はやみきくお
城戸恭子,きどきょうこ
根岸優,ねぎしゆう
水田浩介,みずたこうすけ
星野耕司,ほしのこうじ
平岡有海,ひらおかあみ
中里サダヲ,なかざとさだお
石原あさみ,いしはらあさみ
神原輝信,かんばらあきのぶ
石井りえ,いしいりえ
坂田一恵,さかたかづえ
五十嵐利夫,いがらしとしお
倉持妃里,くらもちゆり
深田三郎,ふかださぶろう
玉井あき,たまいあき
奥村茜,おくむらあかね
江原しぼり,えはらしぼり
下山芽以,しもやまめい
平良ちえみ,ひららちえみ
藤豊,ふじゆたか
大川倫子,おおかわのりこ
大高法嗣,おおだかほうし
池田守,いけだまもる
柳沙耶,やなぎさや
岩瀬幸平,いわせこうへい
安藤隼士,あんどうしゅんじ
宮里惇,みやざとあつし
小林徹,こばやしとおる
北田栄一,きただえいいち
飯田ひろ子,いいだひろこ
高橋広之,たかはしひろゆき
西秋雄太,にしあきゆうた
車たかお,くるまたかお
三田孝太郎,みたこうたろう
大和田優,おおわだゆう
下田菜摘,しもだなつみ
山田優一,やまだゆういち
有田結衣,ありたゆい
日下部愛子,くさかべあいこ
秋山瞬,あきやましゅん
土谷憲一,つちやけんいち
志村愛菜,しむらあいな
小平たかお,こひらたかお
宇佐美美咲,うさみみさき
小堀美智子,こほりみちこ
布施樹里,ふせじゅり
児島信輔,こじましんすけ
高山美月,たかやまみづき
松山翔太,まつやましょうた
西脇由美子,にしわきゆみこ
鬼頭みあ,きとうみあ
角田大五郎,かどただいごろう
彼方佑,かなたたすく
岸田勝久,きしだかつひさ
柳沢さゆり,やなぎさわさゆり
福岡蒼甫,ふくおかそうすけ
菅井直人,すがいなおと
宮沢蒼甫,みやざわそうすけ
小高隆太,こだかりゅうた
小川由宇,おがわゆう
奥村鉄洋,おくむらてつひろ
内村研二,うちむらけんじ
浅利涼,あさりりょう
中村早紀,なかむらさき
秋田南朋,あきたなお
大森慢太郎,おおもりまんたろう
池谷芽以,いけたにめい
日比野菜々美,ひびのななみ
奥田杏,おくだあん
荻原了,はぎわらりょう
宮里和之,みやざとかずゆき
塩谷麻緒,しおたにまお
寺尾麻由子,てらおまゆこ
高橋璃子,たかはしりこ
池内ひとり,いけうちひとり
島津完爾,しまづかんじ
大貫ひろ子,おおぬきひろこ
対馬貴美子,つしまきみこ
奥村樹里,おくむらじゅり
猪股みき,いのまたみき
正木美里,まさきみり
布施弘也,ふせひろなり
深谷璃奈子,ふかやりなこ
三浦一徳,みうらいっとく
前野真悠子,まえのまゆこ
塩見真悠子,しおみまゆこ
本村聡,ほんむらさとし
澤田菊生,さわだきくお
深田祐基,ふかだゆうき
中惇,なかあつし
滝沢龍吉,たきざわりゅうきち
佐久間そら,さくまそら
川田啓介,かわたけいすけ
村井翔,むらいしょう
重田由美子,しげたゆみこ
村上麗奈,むらかみれな
小野寺裕次郎,おのでらゆうじろう
加瀬咲,かせさき
小西竜也,こにしたつや
井原優,いはらゆう
宮下悟志,みやしたさとし
大浦京子,おおうらきょうこ
末吉真悠子,すえきちまゆこ
浜薫,はまかおる
西谷光博,にしやみつひろ
菅谷マサカズ,すがやまさかず
玉城愛梨,たまきあいり
結城勇介,ゆうきゆうすけ
西川莉沙,にしかわりさ
高井雅彦,たかいまさひこ
浅野ひろ子,あさのひろこ
真田友香,さなだともか
芦屋直人,あしやなおと
赤松あさみ,あかまつあさみ
及川育二,おいかわいくじ
宮里早紀,みやざとさき
高岡克実,たかおかかつみ
畠山里穂,はたやまりほ
塚本精児,つかもとせいじ
邑野花,むらのはな
藤本春樹,ふじもとはるき
木原光洋,きはらみつひろ
市川俊介,いちかわしゅんすけ
土田充則,つちだみつのり
細谷寛,ほそやひろし
浅川陽子,あさかわようこ
多部美佐子,たべみさこ
布川愛子,ふかわあいこ
北川真吾,きたかわしんご
堤努,つつみつとむ
井川サンタマリア,いがわさんたまりあ
米沢ノブヒコ,よねざわのぶひこ
内山丈雄,うちやまたけお
八木景子,やぎけいこ
松本勇,まつもとゆう
野田雅彦,のだまさひこ
宇多田浩太郎,うただこうたろう
平尾彩,ひらおあや
若山なつみ,わかやまなつみ
川添サンタマリア,かわぞえさんたまりあ
諏訪みゆき,すわみゆき
岸本米蔵,きしもとよねぞう
川野翔子,かわのしょうこ
小野田咲,おのださき
釈綾,しゃくあや
今村晴臣,いまむらはるおみ
早坂七世,はやさかななせ
北野そら,きたのそら
田口宏,たぐちひろし
松原智花,まつばらともか
田畑麻緒,たばたまお
高山仁晶,たかやまひろあき
日下部信輔,くさかべしんすけ
平田美菜,ひらたみな
坂井栄一,さかいえいいち
平山由宇,ひらやまゆう
仲田未來,なかたみらい
富山有海,とみやまあみ
大沢遥,おおさわはるか
菅谷由宇,すがやゆう
小森太朗,こもりたろう
西井沙耶,にしいさや
木原まひる,きはらまひる
相馬美月,あいばみづき
中川美菜,なかがわみな
倉本晋也,くらもとしんや
真田恵麻,さなだえま
児玉莉緒,こだまりお
香椎翔子,かしいしょうこ
綾小路充則,あやのこうじみつのり
磯野慶太,いそのけいた
水口草太,みずぐちそうた
末吉真一,すえきちしんいち
遠藤昌代,えんどうまさよ
城咲圭,しろさきけい
沢井京子,さわいきょうこ
曽根小百合,そねさゆり
関口智花,せきぐちともか
羽田みゆき,はたみゆき
大和田広司,おおわだこうじ
長澤ちえみ,ながさわちえみ
東美幸,ひがしみゆき
中野法子,なかののりこ
近藤美佐,こんどうみさ
井口まなみ,いぐちまなみ
藤本昴,ふじもとすばる
永島大五郎,ながしまだいごろう
横川千佳子,よこかわちかこ
浦野千佳子,うらのちかこ
大内祐一,おおうちゆういち
小林孝太郎,こばやしこうたろう
柄本美佐,えもとみさ
満島輝信,みつしまあきのぶ
今川めぐみ,いまがわめぐみ
米倉亮,よねくらりょう
中山人志,なかやまひとし
小西有起哉,こにしゆきや
関根瞬,せきねしゅん
大貫杏,おおぬきあん
中谷未華子,なかたにみかこ
神原しぼり,かんばらしぼり
関蒼甫,せきそうすけ
広末昴,ひろすえすばる
磯野みき,いそのみき
米倉莉沙,よねくらりさ
久保裕次郎,くぼゆうじろう
福島美紀,ふくしまみき
山岸剛基,やまぎしよしき
滝口淳子,たきぐちあつこ
細谷なつみ,ほそやなつみ
渡辺米蔵,わたなべよねぞう
小栗知史,おぐりともふみ
臼井みあ,うすいみあ
成瀬七世,なるせななせ
二宮憲一,にのみやけんいち
森川隼士,もりかわしゅんじ
橋本亮,はしもとりょう
小沢法子,おざわのりこ
榊原未來,さかきばらみらい
梅田美嘉,うめだみか
久保紗季,くぼさき
大山蒼甫,おおやまそうすけ
内田基祐,うちだきすけ
森下里奈,もりしたりな
熊谷倫子,くまがやのりこ
三枝みき,さんしみき
小田研二,おだけんじ
ほしの明日,ほしのめいび
綾瀬昴,あやせすばる
川原まさみ,かわはらまさみ
馬場孝太郎,ばばこうたろう
須賀まみ,すがまみ
佐藤未來,さとうみらい
千田優,せんだゆう
園田砂羽,そのださわ
福本一恵,ふくもとかづえ
黒田まさし,くろたまさし
西秋淳子,にしあきあつこ
谷莉緒,たにりお
河原さゆり,かわはらさゆり
堀真一,ほりしんいち
南雅彦,みなみまさひこ
草野光,くさのひかる
島村結子,しまむらゆうこ
荒井華子,あらいはなこ
小幡みあ,おばたみあ
川端瞳,かわばたひとみ
浜本高史,はまもとたかし
河合祐基,かわいゆうき
新田そら,あらたそら
長谷さやか,ながやさやか
向井淳子,むらいあつこ
岡田美里,おかだみり
川原ちえみ,かわはらちえみ
山田華子,やまだはなこ
佐伯育二,さえきいくじ
山中瑠璃亜,やまなかるりあ
菊田法子,きくたのりこ
塚原将也,つかはらまさや
塩見莉沙,しおみりさ
山村早紀,やまむらさき
横田結子,よこたゆうこ
大森真希,おおもりまき
桑原博之,くわばらひろゆき
伊藤豊,いとうゆたか
島美幸,しまみゆき
今井光博,いまいみつひろ
神田礼子,かんだれいこ
佐竹はるみ,さたけはるみ
水野賢治,みずのけんじ
小林豊,こばやしゆたか
浅沼だん吉,あさぬまだんきち
佐竹美月,さたけみづき
永島真一,ながしましんいち
天野千夏,あまのちなつ
細田花,ほそだはな
加藤敏和,かとうとしかず
中川ひろ子,なかがわひろこ
樋口まさみ,ひぐちまさみ
菅井悟志,すがいさとし
土井莉央,どいりお
竹内満,たけうちみつる
石沢ヒロ,いしざわひろ
小寺勇一,こでらゆういち
黒岩陽介,くろいわようすけ
勝又優一,かつまたゆういち
長友路子,ながともみちこ
中田由美子,なかたゆみこ
茂木光,もぎひかる
八十田竜也,やそだたつや
松本メイサ,まつもとめいさ
松永真帆,まつながまほ
新谷結衣,あらやゆい
畑中薫,はたなかかおる
少路あや子,しょうじあやこ
岡田明慶,おかだあきよし
大橋なぎさ,おおはしなぎさ
長沢祐一,ながさわゆういち
竹村崇史,たけむらたかし
相原彩華,あいはらあやか
菊池康文,きくちやすふみ
野呂直人,のろなおと
植木兼,うえきけん
竹田あさみ,たけだあさみ
熊沢高史,くまさわたかし
松澤恵望子,まつざわえみこ
脇田かおり,わきたかおり
辻美佐子,つじみさこ
加瀬雅彦,かせまさひこ
小日向建,こひなたけん
松山直人,まつやまなおと
外山晋也,そとやましんや
林竜也,はやしたつや
庄司恵梨香,しょうじえりか
横川照生,よこかわてるお
牧田玲那,まきたれな
水谷京子,みずたにきょうこ
金谷倫子,かなやのりこ
城戸恵麻,きどえま
森本良介,もりもとりょうすけ
寺島翔太,てらじましょうた
竹下賢治,たけしたけんじ
井沢路子,いざわみちこ
上条崇史,かみじょうたかし
杉村裕司,すぎむらゆうじ
小野寺浩太郎,おのでらこうたろう
長友恵子,ながともけいこ
柴田沙知絵,しばたさちえ
大地浩介,おおちこうすけ
松尾竜次,まつおりゅうじ
長瀬将也,ながせまさや
藤森洋介,ふじもりようすけ
小平京子,こひらきょうこ
梅津祐一,うめづゆういち
森山裕次郎,もりやまゆうじろう
栗林惇,くりばやしじゅん
海野米蔵,うみのよねぞう
武田秀隆,たけだひでたか
三橋まみ,みはしまみ
津川さんま,つがわさんま
渋谷碧海,しぶやおうが
小野将也,おのまさや
浅利竜次,あさりりゅうじ
岸杏,きしあん
美木くるみ,みきくるみ
田淵秀隆,たぶちひでたか
宮島明日,みやじまめいび
上原恵美,うえはらめぐみ
武藤なつみ,むとうなつみ
岡本隆之介,おかもとりゅうのすけ
海野詩織,うみのしおり
津田裕司,つだゆうじ
石丸人志,いしまるひとし
高倉美佐,たかくらみさ
高木さやか,たかぎさやか
中原由樹,なかはらゆき
中島たまき,なかしまたまき
田畑玲那,たばたれな
長谷川慶二,はせがわけいじ
飯野優,いいのゆう
高畑雅之,たかばたまさゆき
原田利夫,はらだとしお
小沢美佐子,おざわみさこ
神保利夫,じんぼとしお
岩佐なつみ,いわさなつみ
石黒恵子,いしぐろけいこ
細谷景子,ほそやけいこ
水川ヒロ,みずかわひろ
葛西耕司,かさいこうじ
西口慢太郎,にしぐちまんたろう
堀広司,ほりこうじ
河村陽介,かわむらようすけ
島袋かおり,しまぶくろかおり
塩見将也,しおみまさや
首藤宏,すどうひろし
岸部草太,きしべそうた
柄本勝久,えもとかつひさ
小野田奈月,おのだなつき
井村えみ,いむらえみ
多田努,ただつとむ
木下友也,きのしたともや
並木美咲,なみきみさき
高倉鉄洋,たかくらてつひろ
市田照生,いちだてるお
渡辺丈雄,わたなべたけお
鹿賀寛治,かがかんじ
塩谷法子,しおやのりこ
神山鉄二,かみやまてつじ
飛田圭,ひだけい
増井正義,ますいまさよし
大橋隆博,おおはしたかひろ
野田寿明,のだとしあき
榎本あい,えのもとあい
土屋朝香,つちやあさか
石塚浩正,いしづかひろまさ
片瀬和久,かたせかずひさ
中川光臣,なかがわみつおみ
長瀬美佐,ながせみさ
喜多優,きたゆう
宇都宮三郎,うつのみやさぶろう
大谷賢二,おおたにけんじ
小出夏空,こいでそら
亀井涼,かめいりょう
今野明宏,いまのあきひろ
内藤精児,ないとうせいじ
山崎崇史,やまざきたかし
朝倉徹,あさくらとおる
金児真奈美,かねこまなみ
奥山和香,おくやまわか
沢莉央,さわりお
八田千佳子,やつだちかこ
守屋愛菜,もりやあいな
石橋くるみ,いしばしくるみ
栗林サダヲ,くりばやしさだお
高崎咲,たかさきさき
岡山かおり,おかやまかおり
赤坂大五郎,あかさかだいごろう
市村恵望子,いちむらえみこ
石原光,いしはらひかる
成瀬優,なるせゆう
水島小雁,みずしまこがん
白川徹平,しらかわてっぺい
島袋大樹,しまぶくろひろき
中山恵子,なかやまけいこ
藤澤涼,ふじさわりょう
石原七世,いしはらななせ
深井徹,ふかいとおる
沢井広司,さわいこうじ
葛山寿明,かつらやまとしあき
浜崎優,はまさきゆう
松沢えみ,まつざわえみ
多部俊二,たべしゅんじ
河内郁恵,かわうちいくえ
小田島亮,おだじまりょう
松浦恵梨香,まつうらえりか
中尾敏也,なかおとしや
松川基祐,まつかわきすけ
板垣文世,いたがきふみよ
末吉美紀,すえきちみき
奥雅功,おくまさとし
宇都宮晴臣,うつのみやはるおみ
浅川璃奈子,あさかわりなこ
木原恭子,きはらきょうこ
阪本浩太郎,さかもとこうたろう
宮下恵美,みやしためぐみ
今野千佳子,いまのちかこ
横田玲那,よこたれな
原口恵梨香,はらぐちえりか
大後瞬,おおごしゅん
今井碧海,いまいおうが
草村涼,くさむらりょう
進藤太朗,しんどうたろう
平松なつみ,ひらまつなつみ
横井さやか,よこいさやか
菅野麻緒,すがのまお
宮脇竜次,みやわきりゅうじ
塩谷一恵,しおたにかづえ
小沢メイサ,おざわめいさ
荒井六郎,あらいろくろう
野中妃里,のなかゆり
佐々木芳正,ささきよしまさ
河西育二,かわにしいくじ
筒井涼子,つついりょうこ
古川寿明,ふるかわとしあき
勝又博之,かつまたひろゆき
山中亮介,やまなかりょうすけ
柴山一,しばやまはじめ
難波友香,なんばともか
内海丈雄,うちみたけお
増田秀隆,ますだひでたか
加瀬大樹,かせひろき
和田あおい,わだあおい
真田丈雄,さなだたけお
高畑あや子,たかはたあやこ
池田英嗣,いけだひでつぐ
福士哲平,ふくしてっぺい
平井真吾,ひらいしんご
一木明,いちきあきら
伊沢友以乃,いざわゆいの
遠藤恵梨香,えんどうえりか
大林朝香,おおばやしあさか
岡山菜摘,おかやまなつみ
土屋一恵,つちやかづえ
西野功補,にしのこうすけ
川合翔子,かわいしょうこ
福士大,ふくしまさる
羽田メイサ,はためいさ
田尻礼子,たじりれいこ
森岡さとみ,もりおかさとみ
矢部真帆,やべまほ
ト字路子,とじみちこ
久米美月,くめみづき
今村勇,いまむらゆう
木村佳乃,きむらよしの
森口結子,もりぐちゆうこ
川本茜,かわもとあかね
堀内浩正,ほりうちひろまさ
三好佳乃,みよしよしの
菅晋也,すがしんや
堀はじめ,ほりはじめ
小出ジローラモ,こいでじろーらも
横山憲一,よこやまけんいち
黒田莉央,くろたりお
寺岡涼,てらおかりょう
三村里奈,みむらりな
桜井美佐,さくらいみさ
小高隆之介,こだかりゅうのすけ
松浦エリカ,まつうらえりか
田村奈月,たむらなつき
長岡菜々美,ながおかななみ
小出季衣,こいでとしえ
金沢なつみ,かねざわなつみ
村井璃奈子,むらいりなこ
久野公顕,ひさのきみあき
広田はじめ,ひろたはじめ
矢田獅童,やだしどう
江川有起哉,えがわゆきや
水崎なつみ,みさきなつみ
宮下将也,みやしたまさや
三村明,みむらあきら
上田涼子,うえだりょうこ
甲斐大,かいまさる
徳永直人,とくながなおと
大庭輝信,おおにわあきのぶ
おかやまさやか,おかやまさやか
川原陽子,かわはらようこ
塚田徹平,つかだてっぺい
七瀬春樹,ななせはるき
成田雅彦,なりたまさひこ
塩田結子,しおたゆうこ
山内恵麻,やまうちえま
野口蒼甫,のぐちそうすけ
熊井人志,くまいひとし
神崎芳正,かんざきよしまさ
木内慶太,きうちけいた
寺本花緑,てらもとかろく
広川宏行,ひろかわひろゆき
菊地涼,きくちりょう
飯島千夏,いいじまちなつ
梅津真一,うめづしんいち
津川俊介,つがわしゅんすけ
本多あさみ,ほんだあさみ
鶴田優,つるたゆう
星宏行,ほしひろゆき
柏木啓介,かしわぎけいすけ
那須仁晶,なすひろあき
梅田さんま,うめださんま
吉岡莉沙,よしおかりさ
杉本陽子,すぎもとようこ
牧田智花,まきたともか
星野みき,ほしのみき
石倉碧海,いしくらおうが
児玉寿々花,こだますずか
塩谷幸平,しおやこうへい
塩谷祐一,しおたにゆういち
広瀬あおい,ひろせあおい
土居文世,どいふみよ
山中裕次郎,やまなかゆうじろう
杉田花,すぎたはな
奥寺たまき,おくでらたまき
小口美優,おぐちみゅう
長田豊,ながたゆたか
笹原明日,ささはらめいび
市田あや子,いちだあやこ
小原えみ,おはらえみ
藤村幸子,ふじむらさちこ
市村倫子,いちむらのりこ
中村幸子,なかむらさちこ
浅川奈月,あさかわなつき
村山獅童,むらやましどう
矢沢春樹,やざわはるき
大坂三郎,おおさかさぶろう
玉井ひろ子,たまいひろこ
城戸光,きどひかる
竹田華子,たけだはなこ
余勇,よゆう
山内かおり,やまうちかおり
菊池まひる,きくちまひる
森本あき,もりもとあき
田村丈雄,たむらたけお
小沼由美子,こぬまゆみこ
片岡亮,かたおかりょう
保坂由樹,ほさかゆき
堀ひとみ,ほりひとみ
富岡さんま,とみおかさんま
立花人志,たちばなひとし
杉本長利,すぎもとながとし
大村隆之介,おおむらりゅうのすけ
照井高史,てるいたかし
吉崎さやか,よしざきさやか
塩田七世,しおたななせ
池田瞬,いけだしゅん
三枝朝香,さんしあさか
吉岡明宏,よしおかあきひろ
内野法子,うちののりこ
柄本由宇,えもとゆう
児島美帆,こじまみほ
上山くるみ,かみやまくるみ
西本あさみ,にしもとあさみ
熊倉亜希,くまくらあき
千田真奈美,せんだまなみ
中林淳子,なかばやしあつこ
三井みき,みついみき
福原勇,ふくはらゆう
新田遥,あらたはるか
谷村芽以,たにむらめい
岡野遥,おかのはるか
豊島精児,とよしませいじ
大和瑠璃亜,やまとるりあ
田島雅功,たじままさとし
野原康文,のはらやすふみ
井田優一,いだゆういち
矢沢人志,やざわひとし
末吉真悠子,すえきちまゆこ
河原浩正,かわはらひろまさ
荻原美佳,はぎわらみか
木原六郎,きはらろくろう
生瀬崇史,なませたかし
飯野陽子,いいのようこ
国分洋介,こくぶんようすけ
杉下美咲,すぎしたみさき
野際サンタマリア,のぎわさんたまりあ
宇佐美崇史,うさみたかし
神木亮,かみきりょう
綾小路季衣,あやのこうじとしえ
岩井博明,いわいひろあき
大西優一,おおにしゆういち
堤美幸,つつみみゆき
池内愛菜,いけうちあいな
小森太朗,こもりたろう
三井育二,みついいくじ
本間早紀,ほんまさき
梅村一代,うめむらかずよ
大後はるみ,おおごはるみ
小野茂樹,おのしげき
今泉将也,いまいずみまさや
玉城麗奈,たまきれな
松木昌代,まつきまさよ
大石ちえみ,おおいしちえみ
早川麗奈,はやかわれな
小関えみ,こぜきえみ
玉置菊生,たまききくお
浦田くるみ,うらたくるみ
児島優,こじまゆう
丹野浩正,たんのひろまさ
竹本洋介,たけもとようすけ
坂上薫,さかがみかおる
川島たかお,かわしまたかお
大矢一,おおやはじめ
野田茂樹,のだしげき
小室隆,こむろたかし
相沢美里,あいざわみり
池田美幸,いけだみゆき
浅沼優,あさぬまゆう
藤川愛子,ふじかわあいこ
八木竜次,やぎりゅうじ
寺沢彩,てらさわあや
水崎優一,みさきゆういち
堀北南朋,ほりきたなお
杉村莉沙,すぎむらりさ
平田菊生,ひらたきくお
城咲ヒカル,しろさきひかる
野呂浩正,のろひろまさ
海老原翔,えびはらしょう
前野ジローラモ,まえのじろーらも
大熊たまき,おおくまたまき
市川将也,いちかわまさや
平井美佐,ひらいみさ
六角鉄洋,ろっかくてつひろ
安座間雅之,あざままさゆき
戎雅彦,えびすまさひこ
竹中サンタマリア,たけなかさんたまりあ
重松芳正,しげまつよしまさ
長井さとみ,ながいさとみ
小野えみ,おのえみ
布施たかお,ふせたかお
宇多田鉄洋,うただてつひろ
山岸景子,やまぎしけいこ
小栗涼,おぐりりょう
平田光良,ひらたてるよし
平田ヒロ,ひらたひろ
野中努,のなかつとむ
柴崎翔子,しばざきしょうこ
細井碧海,ほそいおうが
笹川美佳,ささがわみか
長崎薫,ながさきかおる
小日向一,こひなたはじめ
浜崎慶太,はまさきけいた
草村美智子,くさむらみちこ
山川裕次郎,やまかわゆうじろう
麻生メイサ,あそうめいさ
高岡公顕,たかおかきみあき
妹尾恵子,せおけいこ
中島一,なかじまはじめ
石倉さやか,いしくらさやか
浜崎誠一,はまさきせいいち
長沢米蔵,ながさわよねぞう
平遥,たいらはるか
森岡広之,もりおかひろゆき
芹沢広之,せりざわひろゆき
森下彩,もりしたあや
桜田涼子,さくらだりょうこ
川端明,かわばたあきら
川越正義,かわごえまさよし
大山妃里,おおやまゆり
小山敏和,おやまとしかず
池谷なつみ,いけたになつみ
畠山洋,はたやまよう
木村菜摘,きむらなつみ
池田しぼり,いけだしぼり
畑中妃里,はたなかゆり
藤川璃子,ふじかわりこ
広瀬奈央,ひろせなお
沢由樹,さわゆき
石原真悠子,いしはらまゆこ
長谷川エリカ,はせがわえりか
瀬戸樹里,せとじゅり
成田一恵,なりたかづえ
中沢芽以,なかざわめい
志田明日,しだめいび
板橋満,いたばしみつる
松本真帆,まつもとまほ
橋爪兼,はしづめけん
平雄太,たいらゆうた
五十嵐優,いがらしゆう
大森美佳,おおもりみか
小泉まさし,こいずみまさし
川崎はるか,かわさきはるか
原田愛,はらだあい
柏木ひとり,かしわぎひとり
藤田隼士,ふじたしゅんじ
新垣たまき,にいがきたまき
野原恭子,のはらきょうこ
石田丈史,いしだたけし
田中愛梨,たなかあいり
松沢なつみ,まつざわなつみ
黒木花,くろきはな
仲田みき,なかたみき
熊谷明慶,くまがやあきよし
矢作憲史,やはぎのりひと
門脇亜希,かどわきあき
河原夏空,かわはらそら
奥田サダヲ,おくださだお
高谷竜次,たかやりゅうじ
榎本真一,えのもとしんいち
安藤ケンイチ,あんどうけんいち
福原恵望子,ふくはらえみこ
根岸美幸,ねぎしみゆき
劇団しほり,げきだんしほり
天野結子,あまのゆうこ
中村兼,なかむらけん
古賀はじめ,こがはじめ
上田英嗣,うえだひでつぐ
北条メイサ,ほうじょうめいさ
塚田希,つかだのぞみ
菅谷優一,すがやゆういち
福島はるか,ふくしまはるか
平沢恵子,ひらさわけいこ
稲垣ヒロ,いながきひろ
阿井れいな,あいれいな
須藤兼,すどうけん
畑一徳,はたけいっとく
久野優,ひさのゆう
栗田杏,くりたあん
大江恵子,おおえけいこ
亀山知世,かめやまちせ
金田徹,かねだとおる
大田綾,おおたあや
森下京子,もりしたきょうこ
鶴岡那奈,つるおかなな
石坂寿明,いしざかとしあき
葛山雅彦,かつらやままさひこ
島崎淳子,しまざきあつこ
長島美智子,ながしまみちこ
柴田圭,しばたけい
宇田川みき,うだがわみき
大沼聡,おおぬまさとし
井川隆之介,いがわりゅうのすけ
阿久津遥,あくつはるか
新田功補,あらたこうすけ
平良輝信,ひららあきのぶ
ユースケそら,ゆーすけそら
松崎昌代,まつざきまさよ
砂川華子,すなかわはなこ
浅見優一,あさみゆういち
松永杏,まつながあん
唐沢光臣,からさわみつおみ
浅井なつみ,あさいなつみ
落合有起哉,おちあいゆきや
柏木佑,かしわぎたすく
橋口薫,はしぐちかおる
安達美和子,あだちみわこ
小谷しほり,こたにしほり
飯田陽子,いいだようこ
江口ノブヒコ,えぐちのぶひこ
白井恵梨香,しらいえりか
唐沢慶太,からさわけいた
植田美智子,うえたみちこ
川西徹,かわにしとおる
高畑友以乃,たかはたゆいの
藤森誠一,ふじもりせいいち
沢広之,さわひろゆき
猪股莉緒,いのまたりお
石井将也,いしいまさや
五大洋介,ごだいようすけ
谷本奈々,たにもとなな
白井草太,しらいそうた
川崎ジョージ,かわさきじょーじ
野本慶太,のもとけいた
小口まさし,おぐちまさし
三田勝久,みたかつひさ
小笠原悟志,おがさわらさとし
山本拓郎,やまもとたくろう
武藤あき,むとうあき
岩崎菊生,いわさききくお
菊田幸子,きくたさちこ
平川充則,ひらかわみつのり
小西雅彦,こにしまさひこ
山川惇,やまかわじゅん
菊地昌代,きくちまさよ
山西朝陽,やまにしあさひ
小柳早織,こやなぎさおり
川合慶太,かわいけいた
平賀由宇,ひらがゆう
宮城新太,みやぎあらた
菅谷妃里,すがやゆり
有田佳乃,ありたよしの
大場照生,おおばてるお
佐伯美幸,さえきみゆき
鶴田幸平,つるたこうへい
内村剛基,うちむらよしき
田端朝香,たばたあさか
岩永一代,いわながかずよ
倉田隆,くらたたかし
根岸涼子,ねぎしりょうこ
柴田俊介,しばたしゅんすけ
高見サダヲ,たかみさだお
矢口奈々,やぐちなな
島直人,しまなおと
神山あおい,かみやまあおい
石塚ノブヒコ,いしづかのぶひこ
細川信吾,ほそかわしんご
小日向功補,こひなたこうすけ
水口美幸,みずぐちみゆき
杉村憲一,すぎむらけんいち
榊原晋也,さかきばらしんや
村上美幸,むらかみみゆき
正木綾女,まさきあやめ
大河内佑,おおこうちたすく
豊島輝信,とよしまあきのぶ
矢沢夏希,やざわなつき
堀亮,ほりりょう
尾上雅彦,おがみまさひこ
片桐美咲,かたぎりみさき
中島美月,なかじまみづき
新村米蔵,にいむらよねぞう
遠藤千佳子,えんどうちかこ
小寺完爾,こでらかんじ
三宅はるか,みやけはるか
岩崎博之,いわさきひろゆき
藤山哲平,ふじやまてっぺい
重松夏空,しげまつそら
横田薫,よこたかおる
松原満,まつばらみつる
戎由樹,えびすゆき
竹内ジローラモ,たけうちじろーらも
朝倉功補,あさくらこうすけ
有村一哉,ありむらかずや
深田瑠璃亜,ふかだるりあ
岩田明日,いわためいび
坂野ジョージ,いたのじょーじ
吉川仁,きっかわじん
山岸憲一,やまぎしけんいち
高田高史,たかだたかし
島本法嗣,しまもとほうし
大浦勤,おおうらつとむ
矢沢小雁,やざわこがん
永田小百合,ながたさゆり
松元美月,まつもとみづき
川井あや子,かわいあやこ
西野希,にしののぞみ
篠原京子,しのはらきょうこ
熊倉朝香,くまくらあさか
岩田恵美,いわためぐみ
石原里奈,いしはらりな
川原紗季,かわはらさき
村上雅之,むらかみまさゆき
多田莉央,ただりお
横尾克実,よこおかつみ
藤川はるみ,ふじかわはるみ
徳永りえ,とくながりえ
とよた晴臣,とよたはるおみ
矢島結子,やじまゆうこ
田上由美子,たうえゆみこ
須賀有海,すがあみ
吉野かおり,よしのかおり
戎恵望子,えびすえみこ
飯塚ヒロ,いいづかひろ
竹村恭子,たけむらきょうこ
池畑南朋,いけはたなお
浜田崇史,はまだたかし
平田禄郎,ひらたろくろう
塩見育二,しおみいくじ
小池雅彦,こいけまさひこ
向井貴美子,むらいきみこ
徳永メイサ,とくながめいさ
彼方ひとみ,かなたひとみ
川上広之,かわかみひろゆき
栗林光博,くりばやしみつひろ
手島美菜,てじまみな
戸田良介,とだりょうすけ
寺脇奈々,てらわきなな
梅津ヒロ,うめづひろ
多田恵梨香,ただえりか
美輪マサカズ,みわまさかず
上杉俊二,うえすぎしゅんじ
菅明,すがあきら
中田隼士,なかたしゅんじ
大山愛子,おおやまあいこ
町田芳正,まちだよしまさ
下田愛菜,しもだあいな
川原守,かわはらまもる
とよた莉緒,とよたりお
川畑玲那,かわはたれな
池上和香,いけがみわか
五十嵐功補,いがらしこうすけ
中村里奈,なかむらりな
増井光洋,ますいみつひろ
石田人志,いしだひとし
長谷川徹,はせがわとおる
戸田翔子,とだしょうこ
竹下薫,たけしたかおる
藤原早織,ふじわらさおり
秋元獅童,あきもとしどう
今西宏行,いまにしひろゆき
鹿賀愛子,かがあいこ
紺野美佐,こんのみさ
二宮明日,にのみやめいび
三村昴,みむらすばる
西山杏,にしやまあん
亀田あや子,かめだあやこ
米倉法子,よねくらのりこ
阿井浩介,あいこうすけ
富岡友香,とみおかともか
竹原徹平,たけはらてっぺい
池内真奈美,いけうちまなみ
石野詩織,いしのしおり
安永あい,やすながあい
鹿賀洋介,かがようすけ
谷本はるか,たにもとはるか
田尻奈央,たじりなお
毛利六郎,もうりろくろう
牧右京,まきうきょう
山上たまき,やまがみたまき
高田遥,たかだはるか
合田優,あいだゆう
小椋隆之介,おぐらりゅうのすけ
森永洋,もりながよう
森下勝久,もりしたかつひさ
豊島雅彦,とよしままさひこ
村岡慎之介,むらおかしんのすけ
細田一,ほそだはじめ
米倉ヒロ,よねくらひろ
松田右京,まつだうきょう
米倉季衣,よねくらとしえ
高木英嗣,たかぎひでつぐ
七瀬雅彦,ななせまさひこ
境真一,さかいしんいち
吉村結衣,よしむらゆい
立石那奈,たちいしなな
橘秀隆,たちばなひでたか
須賀美幸,すがみゆき
菅沼瞳,すがぬまひとみ
秋山菜摘,あきやまなつみ
青野宏行,あおのひろゆき
川越徹平,かわごえてっぺい
有馬利夫,ありまとしお
鬼頭満,きとうみつる
池上菊生,いけがみきくお
大河内慶二,おおこうちけいじ
仲村えみ,なかむらえみ
奥寺明慶,おくでらあきよし
戸塚隆太,とづかりゅうた
宮脇亮,みやわきりょう
川野恵梨香,かわのえりか
梅原薫,うめはらかおる
末永裕次郎,すえながゆうじろう
高倉薫,たかくらかおる
浅利ひとみ,あさりひとみ
赤木結子,あかぎゆうこ
松山恭子,まつやまきょうこ
早美美和子,はやみみわこ
熊倉大,くまくらまさる
宮崎ひろみ,みやざきひろみ
堀内友香,ほりうちともか
明石蒼甫,あかしそうすけ
落合守,おちあいまもる
飯野雅彦,いいのまさひこ
神田ジローラモ,かんだじろーらも
寺島耕司,てらじまこうじ
塩谷季衣,しおたにとしえ
新田公顕,あらたきみあき
緒方美月,おがたみづき
川添なぎさ,かわぞえなぎさ
福山陽介,ふくやまようすけ
長谷恵梨香,ながやえりか
榊原くるみ,さかきばらくるみ
瀬戸内妃里,せとうちゆり
立川沙耶,たちかわさや
小室慢太郎,こむろまんたろう
羽田竜也,はたたつや
古田優,ふるたゆう
本橋博之,もとはしひろゆき
加瀬遥,かせはるか
葛西ジョージ,かさいじょーじ
川辺しほり,かわべしほり
川中莉緒,かわなかりお
村山裕司,むらやまゆうじ
桜井ひろみ,さくらいひろみ
安達美和子,あだちみわこ
福田たまき,ふくだたまき
戸田佑,とだたすく
滝口賢治,たきぐちけんじ
田辺小雁,たなべこがん
安淳,やすあつし
米沢真奈美,よねざわまなみ
野本明,のもとあきら
八木ひとり,やぎひとり
北島竜也,きたじまたつや
長谷洋介,ながやようすけ
上原結衣,うえはらゆい
菅聡,すがさとし
福永みき,ふくながみき
仲村桃子,なかむらももこ
寺沢裕司,てらさわゆうじ
窪塚あい,くぼづかあい
村松知世,むらまつちせ
柳沢まひる,やなぎさわまひる
相沢寿明,あいざわとしあき
杉野勇介,すぎのゆうすけ
山崎丈史,やまざきたけし
黒木早織,くろきさおり
三島美里,みしまみり
長谷川貴嶺,はせがわたかね
葛山しぼり,かつらやましぼり
筧博明,かけいひろあき
島崎千佳子,しまざきちかこ
酒井光,さかいひかる
岸部豊,きしべゆたか
三好瞬,みよししゅん
玉城博明,たまきひろあき
高畑一恵,たかばたかづえ
浜田小百合,はまださゆり
三原勇一,みはらゆういち
山岡貴嶺,やまおかたかね
梅田ヒロ,うめだひろ
富沢佳乃,とみさわよしの
風間崇史,かざまたかし
白木翔,しらきしょう
畑杏,はたけあん
高島一輝,たかしまかずき
岡島兼,おかじまけん
草村菜摘,くさむらなつみ
白鳥文世,しらとりふみよ
宮野秀隆,みやのひでたか
大坪秀隆,おおつぼひでたか
染谷隆,そめやたかし
高山栄一,たかやまえいいち
日比野早紀,ひびのさき
川越長利,かわごえながとし
三谷華子,みたにはなこ
滝本祐一,たきもとゆういち
塚本圭,つかもとけい
関口恵梨香,せきぐちえりか
野崎幸平,のざきこうへい
江藤完爾,えとうかんじ
神戸草太,こうべそうた
高島雄太,たかしまゆうた
五大さやか,ごだいさやか
辻本麻由子,つじもとまゆこ
志村未來,しむらみらい
有村友也,ありむらともや
野際康文,のぎわやすふみ
根岸倫子,ねぎしのりこ
小木恵子,おぎけいこ
大原咲,おおはらさき
吉川知世,きっかわちせ
横井なぎさ,よこいなぎさ
坂口了,さかぐちりょう
黒田薫,くろたかおる
佐竹直人,さたけなおと
黒崎七世,くろさきななせ
加納瞬,かのうしゅん
大石妃里,おおいしゆり
とよた沙知絵,とよたさちえ
小西あおい,こにしあおい
秦基祐,はたきすけ
田辺りえ,たなべりえ
福山あや子,ふくやまあやこ
百瀬みあ,ももせみあ
大和悟志,やまとさとし
谷村えみ,たにむらえみ
石坂恵麻,いしざかえま
芦田友也,あしだともや
多岐川三郎,たきがわさぶろう
重松敦,しげまつあつし
さだ千夏,さだちなつ
杉浦染五郎,すぎうらそめごろう
若林エリカ,わかばやしえりか
大谷貴美子,おおたにきみこ
水野美佳,みずのみか
紺野さとみ,こんのさとみ
戸田美里,とだみり
吉村輝信,よしむらあきのぶ
阿久津瞬,あくつしゅん
小久保菜々美,こくぼななみ
片平美里,かたひらみり
諏訪公顕,すわきみあき
亀山恵梨香,かめやまえりか
水野一代,みずのかずよ
高柳礼子,たかやなぎれいこ
草村雅彦,くさむらまさひこ
大橋優,おおはしゆう
岩井和之,いわいかずゆき
金子沙耶,かねこさや
ユースケ郁恵,ゆーすけいくえ
池田陽子,いけだようこ
阿井七世,あいななせ
木内慶太,きうちけいた
神谷真悠子,かみやまゆこ
脇田美希,わきたみき
平塚恵子,ひらつかけいこ
浜田恵梨香,はまだえりか
川田さやか,かわたさやか
浅野ジョージ,あさのじょーじ
西島宏,にしじまひろし
島田明慶,しまだあきよし
滝本真悠子,たきもとまゆこ
吉本美里,よしもとみり
高谷憲史,たかやのりひと
石橋亮介,いしばしりょうすけ
杉本真帆,すぎもとまほ
小玉明,こだまあきら
高村誠治,たかむらせいじ
富田きみまろ,とみたきみまろ
浅見薫,あさみかおる
石沢彩,いしざわあや
塩田薫,しおたかおる
紺野郁恵,こんのいくえ
中島竜次,なかしまりゅうじ
角綾,すみあや
児玉瞳,こだまひとみ
市川昌代,いちかわまさよ
片平奈央,かたひらなお
山中ケンイチ,やまなかけんいち
宮沢ヒカル,みやざわひかる
松元徹平,まつもとてっぺい
釈めぐみ,しゃくめぐみ
紺野みあ,こんのみあ
荻原信吾,はぎわらしんご
森山光,もりやまひかる
大塚たかお,おおつかたかお
木下佑,きのしたたすく
森田サダヲ,もりたさだお
劇団昴,げきだんすばる
瀬戸竜也,せとたつや
原璃奈子,はらりなこ
福島明慶,ふくしまあきよし
末吉里奈,すえきちりな
柴崎丈雄,しばざきたけお
芹沢竜也,せりざわたつや
宮城仁,みやぎじん
坂野慶二,いたのけいじ
小田島大五郎,おだじまだいごろう
長岡さとみ,ながおかさとみ
中岡明,なかおかあきら
広田裕司,ひろたゆうじ
伊藤菜々美,いとうななみ
寺島良介,てらじまりょうすけ
篠崎芳正,しのざきよしまさ
児玉翔太,こだましょうた
松本直人,まつもとなおと
有馬千佳子,ありまちかこ
石塚勇,いしづかゆう
小野田美幸,おのだみゆき
池内朝香,いけうちあさか
小高哲平,こだかてっぺい
岡山雅彦,おかやままさひこ
松崎孝太郎,まつざきこうたろう
堀川法子,ほりかわのりこ
楠本一恵,くすもとかづえ
三上杏,みかみあん
前川由宇,まえかわゆう
松尾陽子,まつおようこ
岡部鉄洋,おかべてつひろ
豊島寿々花,とよしますずか
三輪美嘉,みわみか
ともさか沙耶,ともさかさや
金井明慶,かないあきよし
守屋みあ,もりやみあ
島村一代,しまむらかずよ
藤原そら,ふじわらそら
岩永明,いわながあきら
岩佐京子,いわさきょうこ
秋山紗季,あきやまさき
上条幸子,かみじょうさちこ
黒木あおい,くろきあおい
豊田愛梨,とよたあいり
大西朝陽,おおにしあさひ
長田秀隆,ながたひでたか
井村倫子,いむらのりこ
吉田徹,よしだとおる
小笠原沙耶,おがさわらさや
岩村隼士,いわむらしゅんじ
杉野広司,すぎのこうじ
氏家明,うじいえあきら
小椋美咲,おぐらみさき
森脇きみまろ,もりわききみまろ
豊原誠治,とよはらせいじ
岩田恭子,いわたきょうこ
菅原洋介,すがわらようすけ
鬼頭鉄二,きとうてつじ
堀越えみ,ほりこしえみ
栗田くるみ,くりたくるみ
矢島丈雄,やじまたけお
森早紀,もりさき
増田まさし,ますだまさし
鹿賀建,かがけん
ほしのヒカル,ほしのひかる
森昌代,もりまさよ
北条高史,ほうじょうたかし
森永幸平,もりながこうへい
板垣倫子,いたがきのりこ
根岸沙耶,ねぎしさや
矢田勇一,やだゆういち
小平明宏,こひらあきひろ
小寺幸子,こでらさちこ
水嶋未華子,みずしまみかこ
岩佐一輝,いわさかずき
土井瞬,どいしゅん
益岡寛,ますおかひろし
永島右京,ながしまうきょう
富永菜々美,とみながななみ
米山桃子,よねやまももこ
早川くるみ,はやかわくるみ
坂井知世,さかいちせ
松岡法子,まつおかのりこ
野中芽以,のなかめい
山田玲那,やまだれな
池本直人,いけもとなおと
蛍原一,ほとはらはじめ
平田達士,ひらたたつひと
浜崎仁晶,はまさきひろあき
成海遥,なるみはるか
篠崎真一,しのざきしんいち
桜井克実,さくらいかつみ
高柳理紗,たかやなぎりさ
新村七世,にいむらななせ
松本たまき,まつもとたまき
森下ジョージ,もりしたじょーじ
中園克実,なかぞのかつみ
城田千佳子,しろたちかこ
柴崎えみ,しばざきえみ
阿部誠治,あべせいじ
森田まさし,もりたまさし
上田豊,うえだゆたか
角康文,すみやすふみ
北野法子,きたののりこ
小島将也,こじままさや
向井剛基,むらいよしき
長谷川知史,はせがわともふみ
青柳莉央,あおやぎりお
出口なつみ,でぐちなつみ
河村昴,かわむらすばる
北村真吾,きたむらしんご
甲斐陽子,かいようこ
藤井りえ,ふじいりえ
多岐川りえ,たきがわりえ
福田恵子,ふくだけいこ
安田秀隆,やすだひでたか
川上真一,かわかみしんいち
奥田菊生,おくだきくお
塩谷さやか,しおやさやか
浜口美帆,はまぐちみほ
阪本希,さかもとのぞみ
香川沙耶,かがわさや
松下茂樹,まつしたしげき
内山妃里,うちやまゆり
石渡里穂,いしわたりりほ
関根幸平,せきねこうへい
沼田ひとり,ぬまたひとり
さだ麻由子,さだまゆこ
吹石哲平,ふきいしてっぺい
椎名はるみ,しいなはるみ
萩原友香,はぎわらともか
中尾勇一,なかおゆういち
平賀光洋,ひらがみつひろ
香川秀隆,かがわひでたか
三船恵子,みふねけいこ
綾小路光,あやのこうじひかる
入江真一,いりえしんいち
桑原めぐみ,くわばらめぐみ
坂下寛治,さかしたかんじ
三田朝香,みたあさか
大熊恵望子,おおくまえみこ
上条瞳,かみじょうひとみ
板倉景子,いたくらけいこ
沢里奈,さわりな
小池春樹,こいけはるき
栗田啓介,くりたけいすけ
横田まひる,よこたまひる
川野玲那,かわのれな
佐野勇一,さのゆういち
加藤鉄二,かとうてつじ
柳田隆之介,やなぎだりゅうのすけ
磯部美佐子,いそべみさこ
内藤ひろみ,ないとうひろみ
伊藤莉緒,いとうりお
川崎莉沙,かわさきりさ
塩谷南朋,しおやなお
三原隼士,みはらしゅんじ
少路照生,しょうじてるお
塚本陽子,つかもとようこ
川辺兼,かわべけん
中井莉央,なかいりお
奥田愛子,おくだあいこ
深田南朋,ふかだなお
上杉里穂,うえすぎりほ
西沢徹,にしざわとおる
小松悟志,こまつさとし
三谷法子,みたにのりこ
野上フミヤ,のがみふみや
堀妃里,ほりゆり
関秀樹,せきひでき
米山翔太,よねやましょうた
黒崎孝太郎,くろさきこうたろう
武田さゆり,たけださゆり
田代りえ,たしろりえ
浜口育子,はまぐちいくこ
川井一樹,かわいかずき
磯野真一,いそのしんいち
千田路子,せんだみちこ
吉崎杏,よしざきあん
小久保恵美,こくぼめぐみ
西脇涼子,にしわきりょうこ
吉永良介,よしながりょうすけ
八十田しほり,やそだしほり
浜徹,はまとおる
井原詩織,いはらしおり
熊井竜也,くまいたつや
梅田あき,うめだあき
藤澤茂樹,ふじさわしげき
窪田たかお,くぼたたかお
本山悟志,ほんやまさとし
藤田了,ふじたりょう
柏木理紗,かしわぎりさ
川本育二,かわもといくじ
前田草太,まえだそうた
石本未華子,いしもとみかこ
木村那奈,きむらなな
村中恵梨香,むらなかえりか
宮野博明,みやのひろあき
細谷みき,ほそやみき
川井祐基,かわいゆうき
大坪遥,おおつぼはるか
高岡研二,たかおかけんじ
吉岡里穂,よしおかりほ
伊東雅彦,いとうまさひこ
石山理紗,いしやまりさ
白川康文,しらかわやすふみ
山田那奈,やまだなな
外山憲一,そとやまけんいち
池畑真悠子,いけはたまゆこ
ユースケなつみ,ゆーすけなつみ
井田右京,いだうきょう
市川瑠璃亜,いちかわるりあ
米沢咲,よねざわさき
中島光洋,なかじまみつひろ
沖田俊介,おきたしゅんすけ
明石家惇,あかしやあつし
保坂淳子,ほさかあつこ
本多大五郎,ほんだだいごろう
杉野莉沙,すぎのりさ
寺井ひとり,てらいひとり
神原朝陽,かんばらあさひ
矢島美里,やじまみり
浅田徹平,あさだてっぺい
清野三郎,きよのさぶろう
長谷川敏也,はせがわとしや
西秋妃里,にしあきゆり
望月里奈,もちづきりな
松村そら,まつむらそら
片岡めぐみ,かたおかめぐみ
牧田菜々美,まきたななみ
小栗蒼甫,おぐりそうすけ
明石薫,あかしかおる
橘ヒロ,たちばなひろ
相原美優,あいはらみゅう
妻夫木恵美,つまぶきめぐみ
高畑美紀,たかはたみき
松沢隆太,まつざわりゅうた
桜井恵梨香,さくらいえりか
江崎徹,えざきとおる
柳川貴美子,やながわきみこ
植田美智子,うえたみちこ
石原慶二,いしはらけいじ
西本さやか,にしもとさやか
津川知世,つがわちせ
津川友以乃,つがわゆいの
宮島草太,みやじまそうた
松野だん吉,まつのだんきち
橋爪一徳,はしづめいっとく
多岐川かおり,たきがわかおり
志田友以乃,しだゆいの
中真悠子,なかまゆこ
吉川光博,よしかわみつひろ
春日雅彦,かすがまさひこ
吹石由樹,ふきいしゆき
中原奈月,なかはらなつき
相武ひとり,あいぶひとり
野沢さんま,のざわさんま
長谷部明,はせべあきら
高畑雅功,たかばたまさとし
相原秀樹,あいはらひでき
大倉詩織,おおくらしおり
原田法子,はらだのりこ
吉野研二,よしのけんじ
藤井健,ふじいけん
井本沙耶,いもとさや
吉川克実,きっかわかつみ
武田芳正,たけだよしまさ
森田恵梨香,もりたえりか
染谷一,そめやはじめ
永井丈雄,ながいたけお
中山礼子,なかやまれいこ
奥寺哲平,おくでらてっぺい
前野勇太,まえのゆうた
山元みゆき,やまもとみゆき
香椎光,かしいひかる
内田一恵,うちだかづえ
佐伯莉沙,さえきりさ
角麗奈,すみれな
大和守,やまとまもる
山上優一,やまがみゆういち
大浦知世,おおうらちせ
奥山菊生,おくやまきくお
丸田早織,まるたさおり
菅谷寛,すがやひろし
小椋美咲,おぐらみさき
西口充則,にしぐちみつのり
原田基祐,はらだきすけ
西山美佳,にしやまみか
永山翔子,ながやましょうこ
門脇由宇,かどわきゆう
古田亮,ふるたりょう
大原瞬,おおはらしゅん
今碧海,いまおうが
樋口麻由子,ひぐちまゆこ
土屋美月,つちやみづき
坂元愛,さかもとあい
新村美咲,にいむらみさき
坂口直人,さかぐちなおと
麻生龍吉,あそうりゅうきち
向井美優,むらいみゅう
高沢遥,たかさわはるか
山上英嗣,やまがみひでつぐ
笠原亜希,かさはらあき
安藤哲平,あんどうてっぺい
大橋莉緒,おおはしりお
神野華子,かみのはなこ
石倉なつみ,いしくらなつみ
山瀬そら,やませそら
浅見瞳,あさみひとみ
大林結子,おおばやしゆうこ
影山あき,かげやまあき
岩間憲史,いわまのりひと
小倉里穂,おぐらりほ
高橋杏,たかはしあん
高崎博之,たかさきひろゆき
谷本たかお,たにもとたかお
岩村誠治,いわむらせいじ
下山光臣,しもやまみつおみ
田辺友香,たなべともか
島村洋介,しまむらようすけ
長谷川英嗣,はせがわひでつぐ
紺野あおい,こんのあおい
浜崎法嗣,はまさきほうし
竹中扶樹,たけなかもとき
相川美嘉,あいかわみか
坂田憲一,さかたけんいち
山中莉緒,やまなかりお
山形綾,やまがたあや
益岡将也,ますおかまさや
関裕次郎,せきゆうじろう
竹原明慶,たけはらあきよし
小林結子,こばやしゆうこ
沢尻祐一,さわじりゆういち
荒木和香,あらきわか
児島ちえみ,こじまちえみ
橘めぐみ,たちばなめぐみ
成海佳乃,なるみよしの
土橋光,つちはしひかる
栗原賢治,くりはらけんじ
吉本きみまろ,よしもときみまろ
笠原将也,かさはらまさや
磯野光,いそのひかる
山岸さやか,やまぎしさやか
大村弘也,おおむらひろなり
高畑新太,たかばたあらた
川村真一,かわむらしんいち
伴砂羽,ばんさわ
平川雅之,ひらかわまさゆき
松井美佳,まついみか
木村まひる,きむらまひる
高村ジョージ,たかむらじょーじ
都築宏,つづきひろし
神山樹里,かみやまじゅり
水谷一樹,みずたにかずき
小川礼子,おがわれいこ
依田幸平,よりたこうへい
深沢花緑,ふかざわかろく
飯島雅功,いいじままさとし
西井昴,にしいすばる
大木慶太,おおきけいた
松井拓郎,まついたくろう
石渡豊,いしわたりゆたか
清野美智子,きよのみちこ
浅野あおい,あさのあおい
山下竜次,やましたりゅうじ
真鍋あおい,まなべあおい
豊原賢治,とよはらけんじ
本村勇介,ほんむらゆうすけ
滝本研二,たきもとけんじ
北えみ,きたえみ
高島寛,たかしまひろし
長友奈央,ながともなお
成瀬きみまろ,なるせきみまろ
三井菊生,みついきくお
岸崇史,きしたかし
西村聖陽,にしむらまさあき
戸田浩介,とだこうすけ
松田璃子,まつだりこ
森岡恵美,もりおかめぐみ
泉了,いずみりょう
梶原光臣,かじわらみつおみ
春日たかお,かすがたかお
湯浅扶樹,ゆあさもとき
土屋景子,つちやけいこ
天野妃里,あまのゆり
江崎啓介,えざきけいすけ
松野さとみ,まつのさとみ
木村めぐみ,きむらめぐみ
江川太朗,えがわたろう
柳田遥,やなぎだはるか
石垣正義,いしがきまさよし
板橋ヒロ,いたばしひろ
藤井怜奈,ふじいれいな
長田慶二,ながたけいじ
小田美智子,おだみちこ
上条愛子,かみじょうあいこ
桜井有海,さくらいあみ
河原徹,かわはらとおる
吉崎和之,よしざきかずゆき
浅野洋介,あさのようすけ
島津達士,しまづたつひと
鳥居哲平,とりいてっぺい
大下翔子,おおしたしょうこ
相武恵望子,あいぶえみこ
大田真希,おおたまき
坂口光臣,さかぐちみつおみ
氏家まみ,うじいえまみ
奥貫翔太,おくぬきしょうた
溝口有起哉,みぞぐちゆきや
大野南朋,おおのなお
多田真希,ただまき
塩谷華子,しおたにはなこ
渋谷茜,しぶやあかね
小西新太,こにしあらた
黒沢誠治,くろさわせいじ
田辺亮,たなべりょう
田辺瑠璃亜,たなべるりあ
長沢美佳,ながさわみか
浅野啓介,あさのけいすけ
斎藤雅之,さいとうまさゆき
滝本隼士,たきもとしゅんじ
板垣美帆,いたがきみほ
森本光博,もりもとみつひろ
横田花緑,よこたかろく
岩井美月,いわいみづき
大倉美帆,おおくらみほ
小林ノブヒコ,こばやしのぶひこ
牧野草太,まきのそうた
小野仁,おのじん
牧野愛子,まきのあいこ
板垣あさみ,いたがきあさみ
鶴岡耕司,つるおかこうじ
杉山賢治,すぎやまけんじ
高橋みあ,たかはしみあ
藤村亮,ふじむらりょう
北村淳子,きたむらあつこ
吉永憲史,よしながのりひと
奥田裕次郎,おくだゆうじろう
岡野杏,おかのあん
木内満,きうちみつる
志賀ジョージ,しがじょーじ
石黒真帆,いしぐろまほ
松永友也,まつながともや
下山沙耶,しもやまさや
宮内優,みやうちゆう
大沢染五郎,おおさわそめごろう
岩佐基祐,いわさきすけ
紺野知世,こんのちせ
秋田勝久,あきたかつひさ
宮坂ひとみ,みやさかひとみ
西本薫,にしもとかおる
松本恵子,まつもとけいこ
香椎直人,かしいなおと
尾崎一,おざきはじめ
坂口真悠子,さかぐちまゆこ
大川雅功,おおかわまさとし
半田はるみ,はんだはるみ
富山竜也,とみやまたつや
坂上薫,さかがみかおる
宇田川真希,うだがわまき
若杉あや子,わかすぎあやこ
小堀早織,こほりさおり
坂本貴美子,さかもときみこ
土屋正義,つちやまさよし
植村愛子,うえむらあいこ
難波有海,なんばあみ
木村春樹,きむらはるき
吉村華子,よしむらはなこ
寺岡春樹,てらおかはるき
楠くるみ,くすのきくるみ
南部まさみ,なんぶまさみ
岩間右京,いわまうきょう
田辺長利,たなべながとし
杉野高史,すぎのたかし
加藤直人,かとうなおと
西山祐基,にしやまゆうき
菅雅彦,すがまさひこ
神木ジョージ,かみきじょーじ
中莉沙,なかりさ
松野獅童,まつのしどう
荒井禄郎,あらいろくろう
富樫俊二,とがししゅんじ
小川雄太,おがわゆうた
川添夏希,かわぞえなつき
柳沢季衣,やなぎさわとしえ
吉井夏希,よしいなつき
米沢六郎,よねざわろくろう
須田由宇,すだゆう
平きみまろ,たいらきみまろ
滝メイサ,たきめいさ
水崎惇,みさきじゅん
磯村竜也,いそむらたつや
楠本めぐみ,くすもとめぐみ
本田育二,ほんだいくじ
都築賢治,つづきけんじ
山中淳子,やまなかあつこ
清水宏,しみずひろし
矢部恵梨香,やべえりか
広田涼子,ひろたりょうこ
八木栄一,やぎえいいち
小玉朝陽,こだまあさひ
大熊一哉,おおくまかずや
吹越芳正,ふきこしよしまさ
宮下昴,みやしたすばる
玉山満,たまやまみつる
白鳥早紀,しらとりさき
鶴田文世,つるたふみよ
柳川栄一,やながわえいいち
石黒敦,いしぐろあつし
坂井哲平,さかいてっぺい
福田宏,ふくだひろし
柳悟志,やなぎさとし
百瀬朝香,ももせあさか
田口雅之,たぐちまさゆき
広末ヒロ,ひろすえひろ
中岡博之,なかおかひろゆき
森本理紗,もりもとりさ
河原知世,かわはらちせ
芹沢寛,せりざわひろし
秋元なぎさ,あきもとなぎさ
川合陽子,かわいようこ
五十嵐さゆり,いがらしさゆり
明石家まひる,あかしやまひる
鎌田美帆,かまたみほ
菊地博之,きくちひろゆき
寺島丈史,てらじまたけし
石田人志,いしだひとし
長浜雅彦,ながはままさひこ
原和之,はらかずゆき
織田法嗣,おだほうし
筒井一哉,つついかずや
倉持竜也,くらもちたつや
岸田まさし,きしだまさし
伊藤菜摘,いとうなつみ
並木真吾,なみきしんご
上田奈央,うえだなお
市村遥,いちむらはるか
浜田あい,はまだあい
高岡あき,たかおかあき
重田光,しげたひかる
吹石郁恵,ふきいしいくえ
水野美咲,みずのみさき
菅勤,すがつとむ
小柳美和子,こやなぎみわこ
楠本智花,くすもとともか
村木勝久,むらきかつひさ
西岡咲,にしおかさき
下村慶太,しもむらけいた
金谷芳正,かなやよしまさ
明石夏希,あかしなつき
諏訪美菜,すわみな
桑田宏行,くわたひろゆき
岸部一,きしべはじめ
福山優一,ふくやまゆういち
宮野あさみ,みやのあさみ
三浦コウ,みうらこう
柏原裕次郎,かしわらゆうじろう
平田景子,ひらたけいこ
新谷洋介,あらやようすけ
石黒由宇,いしぐろゆう
杉村遥,すぎむらはるか
青柳花緑,あおやぎかろく
山上愛梨,やまがみあいり
山田孝太郎,やまだこうたろう
吹越詩織,ふきこししおり
川原雄太,かわはらゆうた
高樹華子,たかぎはなこ
相沢妃里,あいざわゆり
堀北雅之,ほりきたまさゆき
滝沢健,たきざわけん
太田獅童,おおたしどう
堀井美希,ほりいみき
小杉美佐,こすぎみさ
細田勤,ほそだつとむ
富樫季衣,とがしとしえ
中沢景子,なかざわけいこ
城戸なつみ,きどなつみ
滝大五郎,たきだいごろう
神原まみ,かんばらまみ
羽田一樹,はだかずき
大竹だん吉,おおたけだんきち
岡山フミヤ,おかやまふみや
木村愛子,きむらあいこ
木内大五郎,きうちだいごろう
鈴木法嗣,すずきほうし
大畑愛子,おおはたあいこ
田淵だん吉,たぶちだんきち
小町寿明,こまちとしあき
土谷友以乃,つちやゆいの
水嶋ひろみ,みずしまひろみ
立石未華子,たちいしみかこ
高野ちえみ,たかのちえみ
小堀きみまろ,こほりきみまろ
大木郁恵,おおきいくえ
野沢法子,のざわのりこ
川越蒼甫,かわごえそうすけ
神崎敦,かんざきあつし
小野田人志,おのだひとし
荒木七世,あらきななせ
若林恵子,わかばやしけいこ
有田照生,ありたてるお
近藤瞬,こんどうしゅん
増井拓郎,ますいたくろう
高原満,たかはらみつる
島津ひかり,しまづひかり
沖南朋,おきなお
北原麻由子,きたはらまゆこ
小野明宏,おのあきひろ
手塚弘也,てづかひろなり
金山由宇,かなやまゆう
草野綾,くさのあや
相田サンタマリア,あいださんたまりあ
寺井雅之,てらいまさゆき
草野薫,くさのかおる
竹本詩織,たけもとしおり
後藤菊生,ごとうきくお
滝沢フミヤ,たきざわふみや
畑隆之介,はたけりゅうのすけ
中里朝香,なかざとあさか
生田俊二,なまたしゅんじ
小田慎之介,おだしんのすけ
澤田洋介,さわだようすけ
永野恵麻,ながのえま
島本美幸,しまもとみゆき
脇田知世,わきたちせ
奥田啓介,おくだけいすけ
古谷誠治,ふるたにせいじ
井川陽介,いがわようすけ
相馬みあ,あいばみあ
北条瞳,ほうじょうひとみ
矢部美嘉,やべみか
桜井友香,さくらいともか
宍戸憲一,ししどけんいち
西田美月,にしだみづき
黒川ひろ子,くろかわひろこ
沢由樹,さわゆき
田川寿々花,たがわすずか
岩佐美佳,いわさみか
古沢なつみ,ふるさわなつみ
内藤誠治,ないとうせいじ
杉山陽介,すぎやまようすけ
林真悠子,はやしまゆこ
黒岩早織,くろいわさおり
峰路子,みねみちこ
小島宏行,こじまひろゆき
杉原愛菜,すぎはらあいな
島袋鉄二,しまぶくろてつじ
若山ジローラモ,わかやまじろーらも
成瀬貴美子,なるせきみこ
柳沢綾女,やなぎさわあやめ
矢口ノブヒコ,やぐちのぶひこ
下田サダヲ,しもださだお
岡部薫,おかべかおる
田辺窈,たなべよう
山内麻緒,やまのうちまお
木村信吾,きむらしんご
一青禄郎,ひととろくろう
笠原豊,かさはらゆたか
臼井菜々美,うすいななみ
高樹直人,たかぎなおと
加瀬良介,かせりょうすけ
菅野友也,すがのともや
滝田サンタマリア,たきたさんたまりあ
窪田ひとり,くぼたひとり
玉木俊二,たまきしゅんじ
栗田裕司,くりたゆうじ
沖田祐一,おきたゆういち
児島コウ,こじまこう
牧茂樹,まきしげき
染谷愛子,そめやあいこ
志村サダヲ,しむらさだお
小川明,おがわあきら
照井淳子,てるいあつこ
坂野仁晶,いたのひろあき
畠中功補,はたなかこうすけ
辻本亮,つじもとりょう
大倉美幸,おおくらみゆき
米谷法嗣,よねやほうし
木本朝香,きもとあさか
大庭雅彦,おおにわまさひこ
野沢璃奈子,のざわりなこ
西川理紗,にしかわりさ
玉木ひかり,たまきひかり
福本一徳,ふくもといっとく
矢野花,やのはな
森井まさし,もりいまさし
尾崎寿明,おざきとしあき
沢裕司,さわゆうじ
田口賢治,たぐちけんじ
中林耕司,なかばやしこうじ
武田由美子,たけだゆみこ
瀬戸内三省,せとうちさんせい
小沢ケンイチ,おざわけんいち
古沢貴嶺,ふるさわたかね
窪田憲一,くぼたけんいち
正木桃子,まさきももこ
金児秀隆,かねこひでたか
野崎俊二,のざきしゅんじ
藤川さとみ,ふじかわさとみ
中園ヒロ,なかぞのひろ
薬師丸裕次郎,やくしまるゆうじろう
北島恵望子,きたじまえみこ
宮脇染五郎,みやわきそめごろう
柳沢正敏,やなぎさわまさとし
岩下マサカズ,いわしたまさかず
松崎正敏,まつざきまさとし
小森由樹,こもりゆき
浜本龍吉,はまもとりゅうきち
麻生雅之,あそうまさゆき
井村茂樹,いむらしげき
土谷愛梨,つちやあいり
佐久間兼,さくまけん
仲村えみ,なかむらえみ
中尾一,なかおはじめ
金沢薫,かねざわかおる
大路光,おおじひかる
植木雅彦,うえきまさひこ
深谷路子,ふかやみちこ
柳田優一,やなぎだゆういち
金子恵梨香,かねこえりか
広田克実,ひろたかつみ
柳沢友以乃,やなぎさわゆいの
江口理紗,えぐちりさ
長田太朗,ながたたろう
六角徹,ろっかくとおる
熊田建,くまだけん
出口貴嶺,でぐちたかね
石原慢太郎,いしはらまんたろう
浜本沙知絵,はまもとさちえ
松村哲平,まつむらてっぺい
三木聖陽,みきまさあき
山元貴嶺,やまもとたかね
永井きみまろ,ながいきみまろ
柳川あさみ,やながわあさみ
瀬戸明宏,せとあきひろ
大谷竜也,おおたにたつや
岩間友也,いわまともや
坂本小雁,さかもとこがん
島勇介,しまゆうすけ
安部涼子,あべりょうこ
柳結子,やなぎゆうこ
田村咲,たむらさき
大田扶樹,おおたもとき
寺田優,てらだゆう
板倉明,いたくらあきら
依田エリカ,よりたえりか
角谷杏,かどたにあん
塩見美和子,しおみみわこ
片岡良介,かたおかりょうすけ
小野田守,おのだまもる
古田倫子,ふるたのりこ
石沢明慶,いしざわあきよし
大倉まみ,おおくらまみ
熊沢健,くまさわけん
山崎徹,やまざきとおる
原慶二,はらけいじ
徳田光良,とくたてるよし
市田菊生,いちだきくお
関根礼子,せきねれいこ
中川陽子,なかがわようこ
玉木輝信,たまきあきのぶ
小杉亮,こすぎりょう
三井麻緒,みついまお
栗原知史,くりはらともふみ
新田亮,あらたりょう
神原由宇,かんばらゆう
南昴,みなみすばる
松本春樹,まつもとはるき
坂上はじめ,さかがみはじめ
杉田サンタマリア,すぎたさんたまりあ
寺島淳,てらじまあつし
安達憲一,あだちけんいち
新谷雅彦,あらやまさひこ
林田圭,はやしだけい
松永功補,まつながこうすけ
戎あおい,えびすあおい
沢田新太,さわだあらた
児島はじめ,こじまはじめ
岸丈雄,きしたけお
中島那奈,なかじまなな
梅沢ひろみ,うめざわひろみ
中村雅之,なかむらまさゆき
染谷理紗,そめやりさ
新谷咲,あらやさき
稲田由樹,いなだゆき
織田徹平,おだてっぺい
羽田一代,はたかずよ
川田樹里,かわたじゅり
倉本麗奈,くらもとれな
金児育二,かねこいくじ
蒼井ジローラモ,あおいじろーらも
松山隆博,まつやまたかひろ
長谷川精児,はせがわせいじ
新井直人,あらいなおと
水谷薫,みずたにかおる
海老原一哉,えびはらかずや
塩沢三省,しおざわさんせい
望月仁晶,もちづきひろあき
桜井佳乃,さくらいよしの
浅倉真吾,あさくらしんご
武内寛治,たけうちかんじ
坂井菊生,さかいきくお
山形瞬,やまがたしゅん
松野礼子,まつのれいこ
真鍋愛菜,まなべあいな
村中祐一,むらなかゆういち
明石家窈,あかしやよう
足立ヒロ,あだちひろ
国分剛基,こくぶんよしき
津川努,つがわつとむ
小池亜希,こいけあき
橋口メイサ,はしぐちめいさ
筧鉄洋,かけいてつひろ
前島進,まえじますすむ
小出昌代,こいでまさよ
梅原ちえみ,うめはらちえみ
窪田隼士,くぼたしゅんじ
松崎淳,まつざきあつし
亀山浩正,かめやまひろまさ
望月洋介,もちづきようすけ
小堀勝久,こほりかつひさ
塩谷隆太,しおたにりゅうた
松原サダヲ,まつばらさだお
境さとみ,さかいさとみ
岩井俊介,いわいしゅんすけ
藤木悟志,ふじきさとし
奥寺知史,おくでらともふみ
平井良介,ひらいりょうすけ
岡田竜也,おかだたつや
平野俊二,ひらのしゅんじ
高見恵子,たかみけいこ
緒形美幸,おがたみゆき
中原莉沙,なかはらりさ
島津裕司,しまづゆうじ
片瀬莉沙,かたせりさ
柳家鉄洋,やなぎやてつひろ
篠山鉄二,しのやまてつじ
三村洋,みむらよう
西口正義,にしぐちまさよし
大竹あや子,おおたけあやこ
田代小百合,たしろさゆり
大貫仁,おおぬきじん
染谷明宏,そめやあきひろ
小峰薫,こみねかおる
沢田杏,さわだあん
飯塚なつみ,いいづかなつみ
新田恵梨香,あらたえりか
中園博明,なかぞのひろあき
多岐川未來,たきがわみらい
塩谷健,しおたにけん
久保田翔子,くぼたしょうこ
小沼小雁,こぬまこがん
熊谷友香,くまがやともか
栗田未來,くりたみらい
水川真希,みずかわまき
佐藤莉央,さとうりお
大森友香,おおもりともか
大高美帆,おおだかみほ
細山宏行,ほそやまひろゆき
小池なつみ,こいけなつみ
石井勇介,いしいゆうすけ
丸田満,まるたみつる
渡部みゆき,わたべみゆき
竹本慢太郎,たけもとまんたろう
小松秀樹,こまつひでき
中根夏希,なかねなつき
堀江友以乃,ほりえゆいの
北村雅彦,きたむらまさひこ
大浦大五郎,おおうらだいごろう
古川陽子,ふるかわようこ
末永美咲,すえながみさき
西原恭子,にしはらきょうこ
山瀬真希,やませまき
岩井淳子,いわいあつこ
新井薫,あらいかおる
酒井未來,さかいみらい
伊藤完爾,いとうかんじ
安藤寿明,あんどうとしあき
及川ジョージ,おいかわじょーじ
島津菜々美,しまづななみ
木本華子,きもとはなこ
熊谷和之,くまがやかずゆき
岸本薫,きしもとかおる
片瀬鉄二,かたせてつじ
楠浩太郎,くすのきこうたろう
星野まひる,ほしのまひる
岩崎涼子,いわさきりょうこ
水田恭子,みずたきょうこ
大西まなみ,おおにしまなみ
小峰浩介,こみねこうすけ
谷口真一,たにぐちしんいち
八木知世,やぎちせ
前川知世,まえかわちせ
金沢竜也,かねざわたつや
村木窈,むらきよう
小西一代,こにしかずよ
古山エリカ,ふるやまえりか
井口晃司,いぐちこうじ
稲垣薫,いながきかおる
菅野聖陽,すがのまさあき
原田まさみ,はらだまさみ
安永紗季,やすながさき
今井竜也,いまいたつや
古田ケンイチ,ふるたけんいち
奥田一輝,おくだかずき
吉本みゆき,よしもとみゆき
吉川由美子,きっかわゆみこ
長岡扶樹,ながおかもとき
吉沢優,よしざわゆう
石川知世,いしかわちせ
三井菜摘,みついなつみ
長沢亮,ながさわりょう
砂川徹,すなかわとおる
飯塚孝太郎,いいづかこうたろう
高沢基祐,たかさわきすけ
勝田亮介,かつだりょうすけ
稲垣哲平,いながきてっぺい
内海守,うちみまもる
小市早紀,こいちさき
三浦裕次郎,みうらゆうじろう
堀敏和,ほりとしかず
藤岡明日,ふじおかめいび
成海結子,なるみゆうこ
磯野咲,いそのさき
窪塚そら,くぼづかそら
日野正義,ひのまさよし
田島花緑,たじまかろく
村木結子,むらきゆうこ
内山雅彦,うちやままさひこ
高田竜也,たかだたつや
阪口明宏,さかぐちあきひろ
岩間昴,いわますばる
千田長利,せんだながとし
対馬はるみ,つしまはるみ
楠本奈々,くすもとなな
松下璃子,まつしたりこ
尾崎直人,おざきなおと
黒谷早紀,くろたにさき
日比野悟志,ひびのさとし
秋元功補,あきもとこうすけ
大原友也,おおはらともや
尾崎まみ,おざきまみ
川合建,かわいけん
川添めぐみ,かわぞえめぐみ
藤島花緑,ふじしまかろく
大山耕司,おおやまこうじ
牧瀬メイサ,まきせめいさ
石田麻緒,いしだまお
臼井れいな,うすいれいな
竹内さやか,たけうちさやか
熊倉まみ,くまくらまみ
武まみ,たけまみ
藤原光,ふじわらひかる
奥村なつみ,おくむらなつみ
村上優,むらかみゆう
黄川田涼,きかわだりょう
岡本春樹,おかもとはるき
中本隼士,なかもとしゅんじ
原一徳,はらいっとく
はしの獅童,はしのしどう
岩永明宏,いわながあきひろ
石丸竜次,いしまるりゅうじ
藤原龍吉,ふじわらりゅうきち
久保菜摘,くぼなつみ
中根友以乃,なかねゆいの
小平瞳,こひらひとみ
竹中晃司,たけなかこうじ
平野雅之,ひらのまさゆき
寺井ひろみ,てらいひろみ
川中勇,かわなかゆう
安田真希,やすだまき
小峰隼士,こみねしゅんじ
川西恵麻,かわにしえま
古山奈央,ふるやまなお
水崎建,みさきけん
余きみまろ,よきみまろ
岩崎法子,いわさきのりこ
尾上菊生,おがみきくお
新井友也,あらいともや
赤木翔子,あかぎしょうこ
高梨美紀,たかなしみき
相沢なぎさ,あいざわなぎさ
荒木光,あらきひかる
永瀬美和子,ながせみわこ
真矢友香,まやともか
牧瀬愛梨,まきせあいり
奥村知史,おくむらともふみ
塩谷瑠璃亜,しおたにるりあ
福岡千夏,ふくおかちなつ
成田玲那,なりたれな
末永美和子,すえながみわこ
安達仁,あだちじん
井田瞬,いだしゅん
田川法子,たがわのりこ
松岡真奈美,まつおかまなみ
河田恵梨香,かわたえりか
杉本優,すぎもとゆう
高野聡,たかのさとし
余守,よまもる
小松莉沙,こまつりさ
西島愛梨,にしじまあいり
稲垣あや子,いながきあやこ
三田一代,みたかずよ
青木あや子,あおきあやこ
田辺草太,たなべそうた
大井和香,おおいわか
葛山美佐,かつらやまみさ
佐竹奈月,さたけなつき
相武寛,あいぶひろし
大木照生,おおきてるお
藤島小百合,ふじしまさゆり
西秋真悠子,にしあきまゆこ
中西しぼり,なかにししぼり
玉置広司,たまきこうじ
植田秀樹,うえたひでき
横山慶太,よこやまけいた
小畑ひろ子,おばたひろこ
西野広之,にしのひろゆき
飯田竜也,いいだたつや
福田まひる,ふくだまひる
小野美帆,おのみほ
下川千佳子,しもかわちかこ
田口遥,たぐちはるか
山口良介,やまぐちりょうすけ
中尾美咲,なかおみさき
片瀬愛梨,かたせあいり
安達しほり,あだちしほり
横田礼子,よこたれいこ
井村徹,いむらとおる
大塚勝久,おおつかかつひさ
紺野栄一,こんのえいいち
山崎菜々美,やまざきななみ
篠田しほり,しのだしほり
上田砂羽,うえださわ
大河内長利,おおこうちながとし
八田真奈美,やつだまなみ
江藤俊二,えとうしゅんじ
石原裕次郎,いしはらゆうじろう
宍戸あや子,ししどあやこ
徳永右京,とくながうきょう
二宮優一,にのみやゆういち
梅原真吾,うめはらしんご
橋爪浩介,はしづめこうすけ
塚原まひる,つかはらまひる
矢作由美子,やはぎゆみこ
中原浩介,なかはらこうすけ
佐藤妃里,さとうゆり
島袋光良,しまぶくろてるよし
富沢慶太,とみさわけいた
松下晃司,まつしたこうじ
花田恵子,はなだけいこ
小野田夏希,おのだなつき
臼井光洋,うすいみつひろ
木原璃子,きはらりこ
田崎徹,たざきとおる
磯野翔,いそのしょう
中山遥,なかやまはるか
岩永勤,いわながつとむ
大和田豊,おおわだゆたか
松田優,まつだゆう
徳田俊二,とくたしゅんじ
紺野佳乃,こんのよしの
小谷三郎,こたにさぶろう
役所瞬,やくしょしゅん
津田きみまろ,つだきみまろ
木本雅彦,きもとまさひこ
少路恵美,しょうじめぐみ
今さとみ,こんさとみ
坂元獅童,さかもとしどう
永井千夏,ながいちなつ
高島徹平,たかしまてっぺい
佐川人志,さがわひとし
伊藤怜奈,いとうれいな
布川未華子,ふかわみかこ
高倉涼,たかくらりょう
野口さとみ,のぐちさとみ
堀川ヒカル,ほりかわひかる
中島サダヲ,なかじまさだお
高野美佐,たかのみさ
野崎和久,のざきかずひさ
小野那奈,おのなな
柏木大五郎,かしわぎだいごろう
鈴木景子,すずきけいこ
南法嗣,みなみほうし
金丸恵梨香,かなまるえりか
山岸しぼり,やまぎししぼり
梅田聡,うめださとし
宮地未來,みやじみらい
西岡優,にしおかゆう
及川雅之,おいかわまさゆき
前川由宇,まえかわゆう
藤原育二,ふじわらいくじ
宇佐美美佐,うさみみさ
永井博明,ながいひろあき
江川遥,えがわはるか
浅野涼,あさのりょう
戸田三郎,とださぶろう
高見真奈美,たかみまなみ
白鳥まさみ,しらとりまさみ
久保田はじめ,くぼたはじめ
相沢真悠子,あいざわまゆこ
安田聡,やすださとし
平野サンタマリア,ひらのさんたまりあ
藤本光博,ふじもとみつひろ
長井智花,ながいともか
三輪友香,みわともか
川原めぐみ,かわはらめぐみ
酒井直人,さかいなおと
塩見ヒカル,しおみひかる
小野英嗣,おのひでつぐ
上田圭,うえだけい
萩原明日,はぎわらめいび
白鳥人志,しらとりひとし
多部進,たべすすむ